holiday_date,holiday_name,federal_state,nationwide
2015-01-01,Neujahr,DE-BW,true
2015-01-01,Neujahr,DE-BY,true
2015-01-01,Neujahr,DE-BE,true
2015-01-01,Neujahr,DE-BB,true
2015-01-01,Neujahr,DE-HB,true
2015-01-01,Neujahr,DE-HH,true
2015-01-01,Neujahr,DE-HE,true
2015-01-01,Neujahr,DE-MV,true
2015-01-01,Neujahr,DE-NI,true
2015-01-01,Neujahr,DE-NW,true
2015-01-01,Neujahr,DE-RP,true
2015-01-01,Neujahr,DE-SL,true
2015-01-01,Neujahr,DE-SN,true
2015-01-01,Neujahr,DE-ST,true
2015-01-01,Neujahr,DE-SH,true
2015-01-01,Neujahr,DE-TH,true
2015-04-03,Karfreitag,DE-BW,true
2015-04-03,Karfreitag,DE-BY,true
2015-04-03,Karfreitag,DE-BE,true
2015-04-03,Karfreitag,DE-BB,true
2015-04-03,Karfreitag,DE-HB,true
2015-04-03,Karfreitag,DE-HH,true
2015-04-03,Karfreitag,DE-HE,true
2015-04-03,Karfreitag,DE-MV,true
2015-04-03,Karfreitag,DE-NI,true
2015-04-03,Karfreitag,DE-NW,true
2015-04-03,Karfreitag,DE-RP,true
2015-04-03,Karfreitag,DE-SL,true
2015-04-03,Karfreitag,DE-SN,true
2015-04-03,Karfreitag,DE-ST,true
2015-04-03,Karfreitag,DE-SH,true
2015-04-03,Karfreitag,DE-TH,true
2015-04-06,Ostermontag,DE-BW,true
2015-04-06,Ostermontag,DE-BY,true
2015-04-06,Ostermontag,DE-BE,true
2015-04-06,Ostermontag,DE-BB,true
2015-04-06,Ostermontag,DE-HB,true
2015-04-06,Ostermontag,DE-HH,true
2015-04-06,Ostermontag,DE-HE,true
2015-04-06,Ostermontag,DE-MV,true
2015-04-06,Ostermontag,DE-NI,true
2015-04-06,Ostermontag,DE-NW,true
2015-04-06,Ostermontag,DE-RP,true
2015-04-06,Ostermontag,DE-SL,true
2015-04-06,Ostermontag,DE-SN,true
2015-04-06,Ostermontag,DE-ST,true
2015-04-06,Ostermontag,DE-SH,true
2015-04-06,Ostermontag,DE-TH,true
2015-05-01,Tag der Arbeit,DE-BW,true
2015-05-01,Tag der Arbeit,DE-BY,true
2015-05-01,Tag der Arbeit,DE-BE,true
2015-05-01,Tag der Arbeit,DE-BB,true
2015-05-01,Tag der Arbeit,DE-HB,true
2015-05-01,Tag der Arbeit,DE-HH,true
2015-05-01,Tag der Arbeit,DE-HE,true
2015-05-01,Tag der Arbeit,DE-MV,true
2015-05-01,Tag der Arbeit,DE-NI,true
2015-05-01,Tag der Arbeit,DE-NW,true
2015-05-01,Tag der Arbeit,DE-RP,true
2015-05-01,Tag der Arbeit,DE-SL,true
2015-05-01,Tag der Arbeit,DE-SN,true
2015-05-01,Tag der Arbeit,DE-ST,true
2015-05-01,Tag der Arbeit,DE-SH,true
2015-05-01,Tag der Arbeit,DE-TH,true
2015-05-14,Christi Himmelfahrt,DE-BW,true
2015-05-14,Christi Himmelfahrt,DE-BY,true
2015-05-14,Christi Himmelfahrt,DE-BE,true
2015-05-14,Christi Himmelfahrt,DE-BB,true
2015-05-14,Christi Himmelfahrt,DE-HB,true
2015-05-14,Christi Himmelfahrt,DE-HH,true
2015-05-14,Christi Himmelfahrt,DE-HE,true
2015-05-14,Christi Himmelfahrt,DE-MV,true
2015-05-14,Christi Himmelfahrt,DE-NI,true
2015-05-14,Christi Himmelfahrt,DE-NW,true
2015-05-14,Christi Himmelfahrt,DE-RP,true
2015-05-14,Christi Himmelfahrt,DE-SL,true
2015-05-14,Christi Himmelfahrt,DE-SN,true
2015-05-14,Christi Himmelfahrt,DE-ST,true
2015-05-14,Christi Himmelfahrt,DE-SH,true
2015-05-14,Christi Himmelfahrt,DE-TH,true
2015-05-25,Pfingstmontag,DE-BW,true
2015-05-25,Pfingstmontag,DE-BY,true
2015-05-25,Pfingstmontag,DE-BE,true
2015-05-25,Pfingstmontag,DE-BB,true
2015-05-25,Pfingstmontag,DE-HB,true
2015-05-25,Pfingstmontag,DE-HH,true
2015-05-25,Pfingstmontag,DE-HE,true
2015-05-25,Pfingstmontag,DE-MV,true
2015-05-25,Pfingstmontag,DE-NI,true
2015-05-25,Pfingstmontag,DE-NW,true
2015-05-25,Pfingstmontag,DE-RP,true
2015-05-25,Pfingstmontag,DE-SL,true
2015-05-25,Pfingstmontag,DE-SN,true
2015-05-25,Pfingstmontag,DE-ST,true
2015-05-25,Pfingstmontag,DE-SH,true
2015-05-25,Pfingstmontag,DE-TH,true
2015-10-03,Tag der Deutschen Einheit,DE-BW,true
2015-10-03,Tag der Deutschen Einheit,DE-BY,true
2015-10-03,Tag der Deutschen Einheit,DE-BE,true
2015-10-03,Tag der Deutschen Einheit,DE-BB,true
2015-10-03,Tag der Deutschen Einheit,DE-HB,true
2015-10-03,Tag der Deutschen Einheit,DE-HH,true
2015-10-03,Tag der Deutschen Einheit,DE-HE,true
2015-10-03,Tag der Deutschen Einheit,DE-MV,true
2015-10-03,Tag der Deutschen Einheit,DE-NI,true
2015-10-03,Tag der Deutschen Einheit,DE-NW,true
2015-10-03,Tag der Deutschen Einheit,DE-RP,true
2015-10-03,Tag der Deutschen Einheit,DE-SL,true
2015-10-03,Tag der Deutschen Einheit,DE-SN,true
2015-10-03,Tag der Deutschen Einheit,DE-ST,true
2015-10-03,Tag der Deutschen Einheit,DE-SH,true
2015-10-03,Tag der Deutschen Einheit,DE-TH,true
2015-12-25,1. Weihnachtsfeiertag,DE-BW,true
2015-12-25,1. Weihnachtsfeiertag,DE-BY,true
2015-12-25,1. Weihnachtsfeiertag,DE-BE,true
2015-12-25,1. Weihnachtsfeiertag,DE-BB,true
2015-12-25,1. Weihnachtsfeiertag,DE-HB,true
2015-12-25,1. Weihnachtsfeiertag,DE-HH,true
2015-12-25,1. Weihnachtsfeiertag,DE-HE,true
2015-12-25,1. Weihnachtsfeiertag,DE-MV,true
2015-12-25,1. Weihnachtsfeiertag,DE-NI,true
2015-12-25,1. Weihnachtsfeiertag,DE-NW,true
2015-12-25,1. Weihnachtsfeiertag,DE-RP,true
2015-12-25,1. Weihnachtsfeiertag,DE-SL,true
2015-12-25,1. Weihnachtsfeiertag,DE-SN,true
2015-12-25,1. Weihnachtsfeiertag,DE-ST,true
2015-12-25,1. Weihnachtsfeiertag,DE-SH,true
2015-12-25,1. Weihnachtsfeiertag,DE-TH,true
2015-12-26,2. Weihnachtsfeiertag,DE-BW,true
2015-12-26,2. Weihnachtsfeiertag,DE-BY,true
2015-12-26,2. Weihnachtsfeiertag,DE-BE,true
2015-12-26,2. Weihnachtsfeiertag,DE-BB,true
2015-12-26,2. Weihnachtsfeiertag,DE-HB,true
2015-12-26,2. Weihnachtsfeiertag,DE-HH,true
2015-12-26,2. Weihnachtsfeiertag,DE-HE,true
2015-12-26,2. Weihnachtsfeiertag,DE-MV,true
2015-12-26,2. Weihnachtsfeiertag,DE-NI,true
2015-12-26,2. Weihnachtsfeiertag,DE-NW,true
2015-12-26,2. Weihnachtsfeiertag,DE-RP,true
2015-12-26,2. Weihnachtsfeiertag,DE-SL,true
2015-12-26,2. Weihnachtsfeiertag,DE-SN,true
2015-12-26,2. Weihnachtsfeiertag,DE-ST,true
2015-12-26,2. Weihnachtsfeiertag,DE-SH,true
2015-12-26,2. Weihnachtsfeiertag,DE-TH,true
2015-01-06,Heilige Drei Könige,DE-BW,false
2015-01-06,Heilige Drei Könige,DE-BY,false
2015-01-06,Heilige Drei Könige,DE-ST,false
2015-06-04,Fronleichnam,DE-BW,false
2015-06-04,Fronleichnam,DE-BY,false
2015-06-04,Fronleichnam,DE-HE,false
2015-06-04,Fronleichnam,DE-NW,false
2015-06-04,Fronleichnam,DE-RP,false
2015-06-04,Fronleichnam,DE-SL,false
2015-08-15,Mariä Himmelfahrt,DE-BY,false
2015-08-15,Mariä Himmelfahrt,DE-SL,false
2015-09-20,Weltkindertag,DE-TH,false
2015-10-31,Reformationstag,DE-BB,false
2015-10-31,Reformationstag,DE-HB,false
2015-10-31,Reformationstag,DE-HH,false
2015-10-31,Reformationstag,DE-MV,false
2015-10-31,Reformationstag,DE-NI,false
2015-10-31,Reformationstag,DE-SN,false
2015-10-31,Reformationstag,DE-ST,false
2015-10-31,Reformationstag,DE-SH,false
2015-10-31,Reformationstag,DE-TH,false
2015-11-01,Allerheiligen,DE-BW,false
2015-11-01,Allerheiligen,DE-BY,false
2015-11-01,Allerheiligen,DE-NW,false
2015-11-01,Allerheiligen,DE-RP,false
2015-11-01,Allerheiligen,DE-SL,false
2015-11-18,Buß- und Bettag,DE-SN,false
2015-03-08,Internationaler Frauentag,DE-BE,false
2015-03-08,Internationaler Frauentag,DE-MV,false
2016-01-01,Neujahr,DE-BW,true
2016-01-01,Neujahr,DE-BY,true
2016-01-01,Neujahr,DE-BE,true
2016-01-01,Neujahr,DE-BB,true
2016-01-01,Neujahr,DE-HB,true
2016-01-01,Neujahr,DE-HH,true
2016-01-01,Neujahr,DE-HE,true
2016-01-01,Neujahr,DE-MV,true
2016-01-01,Neujahr,DE-NI,true
2016-01-01,Neujahr,DE-NW,true
2016-01-01,Neujahr,DE-RP,true
2016-01-01,Neujahr,DE-SL,true
2016-01-01,Neujahr,DE-SN,true
2016-01-01,Neujahr,DE-ST,true
2016-01-01,Neujahr,DE-SH,true
2016-01-01,Neujahr,DE-TH,true
2016-03-25,Karfreitag,DE-BW,true
2016-03-25,Karfreitag,DE-BY,true
2016-03-25,Karfreitag,DE-BE,true
2016-03-25,Karfreitag,DE-BB,true
2016-03-25,Karfreitag,DE-HB,true
2016-03-25,Karfreitag,DE-HH,true
2016-03-25,Karfreitag,DE-HE,true
2016-03-25,Karfreitag,DE-MV,true
2016-03-25,Karfreitag,DE-NI,true
2016-03-25,Karfreitag,DE-NW,true
2016-03-25,Karfreitag,DE-RP,true
2016-03-25,Karfreitag,DE-SL,true
2016-03-25,Karfreitag,DE-SN,true
2016-03-25,Karfreitag,DE-ST,true
2016-03-25,Karfreitag,DE-SH,true
2016-03-25,Karfreitag,DE-TH,true
2016-03-28,Ostermontag,DE-BW,true
2016-03-28,Ostermontag,DE-BY,true
2016-03-28,Ostermontag,DE-BE,true
2016-03-28,Ostermontag,DE-BB,true
2016-03-28,Ostermontag,DE-HB,true
2016-03-28,Ostermontag,DE-HH,true
2016-03-28,Ostermontag,DE-HE,true
2016-03-28,Ostermontag,DE-MV,true
2016-03-28,Ostermontag,DE-NI,true
2016-03-28,Ostermontag,DE-NW,true
2016-03-28,Ostermontag,DE-RP,true
2016-03-28,Ostermontag,DE-SL,true
2016-03-28,Ostermontag,DE-SN,true
2016-03-28,Ostermontag,DE-ST,true
2016-03-28,Ostermontag,DE-SH,true
2016-03-28,Ostermontag,DE-TH,true
2016-05-01,Tag der Arbeit,DE-BW,true
2016-05-01,Tag der Arbeit,DE-BY,true
2016-05-01,Tag der Arbeit,DE-BE,true
2016-05-01,Tag der Arbeit,DE-BB,true
2016-05-01,Tag der Arbeit,DE-HB,true
2016-05-01,Tag der Arbeit,DE-HH,true
2016-05-01,Tag der Arbeit,DE-HE,true
2016-05-01,Tag der Arbeit,DE-MV,true
2016-05-01,Tag der Arbeit,DE-NI,true
2016-05-01,Tag der Arbeit,DE-NW,true
2016-05-01,Tag der Arbeit,DE-RP,true
2016-05-01,Tag der Arbeit,DE-SL,true
2016-05-01,Tag der Arbeit,DE-SN,true
2016-05-01,Tag der Arbeit,DE-ST,true
2016-05-01,Tag der Arbeit,DE-SH,true
2016-05-01,Tag der Arbeit,DE-TH,true
2016-05-05,Christi Himmelfahrt,DE-BW,true
2016-05-05,Christi Himmelfahrt,DE-BY,true
2016-05-05,Christi Himmelfahrt,DE-BE,true
2016-05-05,Christi Himmelfahrt,DE-BB,true
2016-05-05,Christi Himmelfahrt,DE-HB,true
2016-05-05,Christi Himmelfahrt,DE-HH,true
2016-05-05,Christi Himmelfahrt,DE-HE,true
2016-05-05,Christi Himmelfahrt,DE-MV,true
2016-05-05,Christi Himmelfahrt,DE-NI,true
2016-05-05,Christi Himmelfahrt,DE-NW,true
2016-05-05,Christi Himmelfahrt,DE-RP,true
2016-05-05,Christi Himmelfahrt,DE-SL,true
2016-05-05,Christi Himmelfahrt,DE-SN,true
2016-05-05,Christi Himmelfahrt,DE-ST,true
2016-05-05,Christi Himmelfahrt,DE-SH,true
2016-05-05,Christi Himmelfahrt,DE-TH,true
2016-05-16,Pfingstmontag,DE-BW,true
2016-05-16,Pfingstmontag,DE-BY,true
2016-05-16,Pfingstmontag,DE-BE,true
2016-05-16,Pfingstmontag,DE-BB,true
2016-05-16,Pfingstmontag,DE-HB,true
2016-05-16,Pfingstmontag,DE-HH,true
2016-05-16,Pfingstmontag,DE-HE,true
2016-05-16,Pfingstmontag,DE-MV,true
2016-05-16,Pfingstmontag,DE-NI,true
2016-05-16,Pfingstmontag,DE-NW,true
2016-05-16,Pfingstmontag,DE-RP,true
2016-05-16,Pfingstmontag,DE-SL,true
2016-05-16,Pfingstmontag,DE-SN,true
2016-05-16,Pfingstmontag,DE-ST,true
2016-05-16,Pfingstmontag,DE-SH,true
2016-05-16,Pfingstmontag,DE-TH,true
2016-10-03,Tag der Deutschen Einheit,DE-BW,true
2016-10-03,Tag der Deutschen Einheit,DE-BY,true
2016-10-03,Tag der Deutschen Einheit,DE-BE,true
2016-10-03,Tag der Deutschen Einheit,DE-BB,true
2016-10-03,Tag der Deutschen Einheit,DE-HB,true
2016-10-03,Tag der Deutschen Einheit,DE-HH,true
2016-10-03,Tag der Deutschen Einheit,DE-HE,true
2016-10-03,Tag der Deutschen Einheit,DE-MV,true
2016-10-03,Tag der Deutschen Einheit,DE-NI,true
2016-10-03,Tag der Deutschen Einheit,DE-NW,true
2016-10-03,Tag der Deutschen Einheit,DE-RP,true
2016-10-03,Tag der Deutschen Einheit,DE-SL,true
2016-10-03,Tag der Deutschen Einheit,DE-SN,true
2016-10-03,Tag der Deutschen Einheit,DE-ST,true
2016-10-03,Tag der Deutschen Einheit,DE-SH,true
2016-10-03,Tag der Deutschen Einheit,DE-TH,true
2016-12-25,1. Weihnachtsfeiertag,DE-BW,true
2016-12-25,1. Weihnachtsfeiertag,DE-BY,true
2016-12-25,1. Weihnachtsfeiertag,DE-BE,true
2016-12-25,1. Weihnachtsfeiertag,DE-BB,true
2016-12-25,1. Weihnachtsfeiertag,DE-HB,true
2016-12-25,1. Weihnachtsfeiertag,DE-HH,true
2016-12-25,1. Weihnachtsfeiertag,DE-HE,true
2016-12-25,1. Weihnachtsfeiertag,DE-MV,true
2016-12-25,1. Weihnachtsfeiertag,DE-NI,true
2016-12-25,1. Weihnachtsfeiertag,DE-NW,true
2016-12-25,1. Weihnachtsfeiertag,DE-RP,true
2016-12-25,1. Weihnachtsfeiertag,DE-SL,true
2016-12-25,1. Weihnachtsfeiertag,DE-SN,true
2016-12-25,1. Weihnachtsfeiertag,DE-ST,true
2016-12-25,1. Weihnachtsfeiertag,DE-SH,true
2016-12-25,1. Weihnachtsfeiertag,DE-TH,true
2016-12-26,2. Weihnachtsfeiertag,DE-BW,true
2016-12-26,2. Weihnachtsfeiertag,DE-BY,true
2016-12-26,2. Weihnachtsfeiertag,DE-BE,true
2016-12-26,2. Weihnachtsfeiertag,DE-BB,true
2016-12-26,2. Weihnachtsfeiertag,DE-HB,true
2016-12-26,2. Weihnachtsfeiertag,DE-HH,true
2016-12-26,2. Weihnachtsfeiertag,DE-HE,true
2016-12-26,2. Weihnachtsfeiertag,DE-MV,true
2016-12-26,2. Weihnachtsfeiertag,DE-NI,true
2016-12-26,2. Weihnachtsfeiertag,DE-NW,true
2016-12-26,2. Weihnachtsfeiertag,DE-RP,true
2016-12-26,2. Weihnachtsfeiertag,DE-SL,true
2016-12-26,2. Weihnachtsfeiertag,DE-SN,true
2016-12-26,2. Weihnachtsfeiertag,DE-ST,true
2016-12-26,2. Weihnachtsfeiertag,DE-SH,true
2016-12-26,2. Weihnachtsfeiertag,DE-TH,true
2016-01-06,Heilige Drei Könige,DE-BW,false
2016-01-06,Heilige Drei Könige,DE-BY,false
2016-01-06,Heilige Drei Könige,DE-ST,false
2016-05-26,Fronleichnam,DE-BW,false
2016-05-26,Fronleichnam,DE-BY,false
2016-05-26,Fronleichnam,DE-HE,false
2016-05-26,Fronleichnam,DE-NW,false
2016-05-26,Fronleichnam,DE-RP,false
2016-05-26,Fronleichnam,DE-SL,false
2016-08-15,Mariä Himmelfahrt,DE-BY,false
2016-08-15,Mariä Himmelfahrt,DE-SL,false
2016-09-20,Weltkindertag,DE-TH,false
2016-10-31,Reformationstag,DE-BB,false
2016-10-31,Reformationstag,DE-HB,false
2016-10-31,Reformationstag,DE-HH,false
2016-10-31,Reformationstag,DE-MV,false
2016-10-31,Reformationstag,DE-NI,false
2016-10-31,Reformationstag,DE-SN,false
2016-10-31,Reformationstag,DE-ST,false
2016-10-31,Reformationstag,DE-SH,false
2016-10-31,Reformationstag,DE-TH,false
2016-11-01,Allerheiligen,DE-BW,false
2016-11-01,Allerheiligen,DE-BY,false
2016-11-01,Allerheiligen,DE-NW,false
2016-11-01,Allerheiligen,DE-RP,false
2016-11-01,Allerheiligen,DE-SL,false
2016-11-16,Buß- und Bettag,DE-SN,false
2016-03-08,Internationaler Frauentag,DE-BE,false
2016-03-08,Internationaler Frauentag,DE-MV,false
2017-01-01,Neujahr,DE-BW,true
2017-01-01,Neujahr,DE-BY,true
2017-01-01,Neujahr,DE-BE,true
2017-01-01,Neujahr,DE-BB,true
2017-01-01,Neujahr,DE-HB,true
2017-01-01,Neujahr,DE-HH,true
2017-01-01,Neujahr,DE-HE,true
2017-01-01,Neujahr,DE-MV,true
2017-01-01,Neujahr,DE-NI,true
2017-01-01,Neujahr,DE-NW,true
2017-01-01,Neujahr,DE-RP,true
2017-01-01,Neujahr,DE-SL,true
2017-01-01,Neujahr,DE-SN,true
2017-01-01,Neujahr,DE-ST,true
2017-01-01,Neujahr,DE-SH,true
2017-01-01,Neujahr,DE-TH,true
2017-04-14,Karfreitag,DE-BW,true
2017-04-14,Karfreitag,DE-BY,true
2017-04-14,Karfreitag,DE-BE,true
2017-04-14,Karfreitag,DE-BB,true
2017-04-14,Karfreitag,DE-HB,true
2017-04-14,Karfreitag,DE-HH,true
2017-04-14,Karfreitag,DE-HE,true
2017-04-14,Karfreitag,DE-MV,true
2017-04-14,Karfreitag,DE-NI,true
2017-04-14,Karfreitag,DE-NW,true
2017-04-14,Karfreitag,DE-RP,true
2017-04-14,Karfreitag,DE-SL,true
2017-04-14,Karfreitag,DE-SN,true
2017-04-14,Karfreitag,DE-ST,true
2017-04-14,Karfreitag,DE-SH,true
2017-04-14,Karfreitag,DE-TH,true
2017-04-17,Ostermontag,DE-BW,true
2017-04-17,Ostermontag,DE-BY,true
2017-04-17,Ostermontag,DE-BE,true
2017-04-17,Ostermontag,DE-BB,true
2017-04-17,Ostermontag,DE-HB,true
2017-04-17,Ostermontag,DE-HH,true
2017-04-17,Ostermontag,DE-HE,true
2017-04-17,Ostermontag,DE-MV,true
2017-04-17,Ostermontag,DE-NI,true
2017-04-17,Ostermontag,DE-NW,true
2017-04-17,Ostermontag,DE-RP,true
2017-04-17,Ostermontag,DE-SL,true
2017-04-17,Ostermontag,DE-SN,true
2017-04-17,Ostermontag,DE-ST,true
2017-04-17,Ostermontag,DE-SH,true
2017-04-17,Ostermontag,DE-TH,true
2017-05-01,Tag der Arbeit,DE-BW,true
2017-05-01,Tag der Arbeit,DE-BY,true
2017-05-01,Tag der Arbeit,DE-BE,true
2017-05-01,Tag der Arbeit,DE-BB,true
2017-05-01,Tag der Arbeit,DE-HB,true
2017-05-01,Tag der Arbeit,DE-HH,true
2017-05-01,Tag der Arbeit,DE-HE,true
2017-05-01,Tag der Arbeit,DE-MV,true
2017-05-01,Tag der Arbeit,DE-NI,true
2017-05-01,Tag der Arbeit,DE-NW,true
2017-05-01,Tag der Arbeit,DE-RP,true
2017-05-01,Tag der Arbeit,DE-SL,true
2017-05-01,Tag der Arbeit,DE-SN,true
2017-05-01,Tag der Arbeit,DE-ST,true
2017-05-01,Tag der Arbeit,DE-SH,true
2017-05-01,Tag der Arbeit,DE-TH,true
2017-05-25,Christi Himmelfahrt,DE-BW,true
2017-05-25,Christi Himmelfahrt,DE-BY,true
2017-05-25,Christi Himmelfahrt,DE-BE,true
2017-05-25,Christi Himmelfahrt,DE-BB,true
2017-05-25,Christi Himmelfahrt,DE-HB,true
2017-05-25,Christi Himmelfahrt,DE-HH,true
2017-05-25,Christi Himmelfahrt,DE-HE,true
2017-05-25,Christi Himmelfahrt,DE-MV,true
2017-05-25,Christi Himmelfahrt,DE-NI,true
2017-05-25,Christi Himmelfahrt,DE-NW,true
2017-05-25,Christi Himmelfahrt,DE-RP,true
2017-05-25,Christi Himmelfahrt,DE-SL,true
2017-05-25,Christi Himmelfahrt,DE-SN,true
2017-05-25,Christi Himmelfahrt,DE-ST,true
2017-05-25,Christi Himmelfahrt,DE-SH,true
2017-05-25,Christi Himmelfahrt,DE-TH,true
2017-06-05,Pfingstmontag,DE-BW,true
2017-06-05,Pfingstmontag,DE-BY,true
2017-06-05,Pfingstmontag,DE-BE,true
2017-06-05,Pfingstmontag,DE-BB,true
2017-06-05,Pfingstmontag,DE-HB,true
2017-06-05,Pfingstmontag,DE-HH,true
2017-06-05,Pfingstmontag,DE-HE,true
2017-06-05,Pfingstmontag,DE-MV,true
2017-06-05,Pfingstmontag,DE-NI,true
2017-06-05,Pfingstmontag,DE-NW,true
2017-06-05,Pfingstmontag,DE-RP,true
2017-06-05,Pfingstmontag,DE-SL,true
2017-06-05,Pfingstmontag,DE-SN,true
2017-06-05,Pfingstmontag,DE-ST,true
2017-06-05,Pfingstmontag,DE-SH,true
2017-06-05,Pfingstmontag,DE-TH,true
2017-10-03,Tag der Deutschen Einheit,DE-BW,true
2017-10-03,Tag der Deutschen Einheit,DE-BY,true
2017-10-03,Tag der Deutschen Einheit,DE-BE,true
2017-10-03,Tag der Deutschen Einheit,DE-BB,true
2017-10-03,Tag der Deutschen Einheit,DE-HB,true
2017-10-03,Tag der Deutschen Einheit,DE-HH,true
2017-10-03,Tag der Deutschen Einheit,DE-HE,true
2017-10-03,Tag der Deutschen Einheit,DE-MV,true
2017-10-03,Tag der Deutschen Einheit,DE-NI,true
2017-10-03,Tag der Deutschen Einheit,DE-NW,true
2017-10-03,Tag der Deutschen Einheit,DE-RP,true
2017-10-03,Tag der Deutschen Einheit,DE-SL,true
2017-10-03,Tag der Deutschen Einheit,DE-SN,true
2017-10-03,Tag der Deutschen Einheit,DE-ST,true
2017-10-03,Tag der Deutschen Einheit,DE-SH,true
2017-10-03,Tag der Deutschen Einheit,DE-TH,true
2017-12-25,1. Weihnachtsfeiertag,DE-BW,true
2017-12-25,1. Weihnachtsfeiertag,DE-BY,true
2017-12-25,1. Weihnachtsfeiertag,DE-BE,true
2017-12-25,1. Weihnachtsfeiertag,DE-BB,true
2017-12-25,1. Weihnachtsfeiertag,DE-HB,true
2017-12-25,1. Weihnachtsfeiertag,DE-HH,true
2017-12-25,1. Weihnachtsfeiertag,DE-HE,true
2017-12-25,1. Weihnachtsfeiertag,DE-MV,true
2017-12-25,1. Weihnachtsfeiertag,DE-NI,true
2017-12-25,1. Weihnachtsfeiertag,DE-NW,true
2017-12-25,1. Weihnachtsfeiertag,DE-RP,true
2017-12-25,1. Weihnachtsfeiertag,DE-SL,true
2017-12-25,1. Weihnachtsfeiertag,DE-SN,true
2017-12-25,1. Weihnachtsfeiertag,DE-ST,true
2017-12-25,1. Weihnachtsfeiertag,DE-SH,true
2017-12-25,1. Weihnachtsfeiertag,DE-TH,true
2017-12-26,2. Weihnachtsfeiertag,DE-BW,true
2017-12-26,2. Weihnachtsfeiertag,DE-BY,true
2017-12-26,2. Weihnachtsfeiertag,DE-BE,true
2017-12-26,2. Weihnachtsfeiertag,DE-BB,true
2017-12-26,2. Weihnachtsfeiertag,DE-HB,true
2017-12-26,2. Weihnachtsfeiertag,DE-HH,true
2017-12-26,2. Weihnachtsfeiertag,DE-HE,true
2017-12-26,2. Weihnachtsfeiertag,DE-MV,true
2017-12-26,2. Weihnachtsfeiertag,DE-NI,true
2017-12-26,2. Weihnachtsfeiertag,DE-NW,true
2017-12-26,2. Weihnachtsfeiertag,DE-RP,true
2017-12-26,2. Weihnachtsfeiertag,DE-SL,true
2017-12-26,2. Weihnachtsfeiertag,DE-SN,true
2017-12-26,2. Weihnachtsfeiertag,DE-ST,true
2017-12-26,2. Weihnachtsfeiertag,DE-SH,true
2017-12-26,2. Weihnachtsfeiertag,DE-TH,true
2017-01-06,Heilige Drei Könige,DE-BW,false
2017-01-06,Heilige Drei Könige,DE-BY,false
2017-01-06,Heilige Drei Könige,DE-ST,false
2017-06-15,Fronleichnam,DE-BW,false
2017-06-15,Fronleichnam,DE-BY,false
2017-06-15,Fronleichnam,DE-HE,false
2017-06-15,Fronleichnam,DE-NW,false
2017-06-15,Fronleichnam,DE-RP,false
2017-06-15,Fronleichnam,DE-SL,false
2017-08-15,Mariä Himmelfahrt,DE-BY,false
2017-08-15,Mariä Himmelfahrt,DE-SL,false
2017-09-20,Weltkindertag,DE-TH,false
2017-10-31,Reformationstag,DE-BB,false
2017-10-31,Reformationstag,DE-HB,false
2017-10-31,Reformationstag,DE-HH,false
2017-10-31,Reformationstag,DE-MV,false
2017-10-31,Reformationstag,DE-NI,false
2017-10-31,Reformationstag,DE-SN,false
2017-10-31,Reformationstag,DE-ST,false
2017-10-31,Reformationstag,DE-SH,false
2017-10-31,Reformationstag,DE-TH,false
2017-11-01,Allerheiligen,DE-BW,false
2017-11-01,Allerheiligen,DE-BY,false
2017-11-01,Allerheiligen,DE-NW,false
2017-11-01,Allerheiligen,DE-RP,false
2017-11-01,Allerheiligen,DE-SL,false
2017-11-22,Buß- und Bettag,DE-SN,false
2017-03-08,Internationaler Frauentag,DE-BE,false
2017-03-08,Internationaler Frauentag,DE-MV,false
2018-01-01,Neujahr,DE-BW,true
2018-01-01,Neujahr,DE-BY,true
2018-01-01,Neujahr,DE-BE,true
2018-01-01,Neujahr,DE-BB,true
2018-01-01,Neujahr,DE-HB,true
2018-01-01,Neujahr,DE-HH,true
2018-01-01,Neujahr,DE-HE,true
2018-01-01,Neujahr,DE-MV,true
2018-01-01,Neujahr,DE-NI,true
2018-01-01,Neujahr,DE-NW,true
2018-01-01,Neujahr,DE-RP,true
2018-01-01,Neujahr,DE-SL,true
2018-01-01,Neujahr,DE-SN,true
2018-01-01,Neujahr,DE-ST,true
2018-01-01,Neujahr,DE-SH,true
2018-01-01,Neujahr,DE-TH,true
2018-03-30,Karfreitag,DE-BW,true
2018-03-30,Karfreitag,DE-BY,true
2018-03-30,Karfreitag,DE-BE,true
2018-03-30,Karfreitag,DE-BB,true
2018-03-30,Karfreitag,DE-HB,true
2018-03-30,Karfreitag,DE-HH,true
2018-03-30,Karfreitag,DE-HE,true
2018-03-30,Karfreitag,DE-MV,true
2018-03-30,Karfreitag,DE-NI,true
2018-03-30,Karfreitag,DE-NW,true
2018-03-30,Karfreitag,DE-RP,true
2018-03-30,Karfreitag,DE-SL,true
2018-03-30,Karfreitag,DE-SN,true
2018-03-30,Karfreitag,DE-ST,true
2018-03-30,Karfreitag,DE-SH,true
2018-03-30,Karfreitag,DE-TH,true
2018-04-02,Ostermontag,DE-BW,true
2018-04-02,Ostermontag,DE-BY,true
2018-04-02,Ostermontag,DE-BE,true
2018-04-02,Ostermontag,DE-BB,true
2018-04-02,Ostermontag,DE-HB,true
2018-04-02,Ostermontag,DE-HH,true
2018-04-02,Ostermontag,DE-HE,true
2018-04-02,Ostermontag,DE-MV,true
2018-04-02,Ostermontag,DE-NI,true
2018-04-02,Ostermontag,DE-NW,true
2018-04-02,Ostermontag,DE-RP,true
2018-04-02,Ostermontag,DE-SL,true
2018-04-02,Ostermontag,DE-SN,true
2018-04-02,Ostermontag,DE-ST,true
2018-04-02,Ostermontag,DE-SH,true
2018-04-02,Ostermontag,DE-TH,true
2018-05-01,Tag der Arbeit,DE-BW,true
2018-05-01,Tag der Arbeit,DE-BY,true
2018-05-01,Tag der Arbeit,DE-BE,true
2018-05-01,Tag der Arbeit,DE-BB,true
2018-05-01,Tag der Arbeit,DE-HB,true
2018-05-01,Tag der Arbeit,DE-HH,true
2018-05-01,Tag der Arbeit,DE-HE,true
2018-05-01,Tag der Arbeit,DE-MV,true
2018-05-01,Tag der Arbeit,DE-NI,true
2018-05-01,Tag der Arbeit,DE-NW,true
2018-05-01,Tag der Arbeit,DE-RP,true
2018-05-01,Tag der Arbeit,DE-SL,true
2018-05-01,Tag der Arbeit,DE-SN,true
2018-05-01,Tag der Arbeit,DE-ST,true
2018-05-01,Tag der Arbeit,DE-SH,true
2018-05-01,Tag der Arbeit,DE-TH,true
2018-05-10,Christi Himmelfahrt,DE-BW,true
2018-05-10,Christi Himmelfahrt,DE-BY,true
2018-05-10,Christi Himmelfahrt,DE-BE,true
2018-05-10,Christi Himmelfahrt,DE-BB,true
2018-05-10,Christi Himmelfahrt,DE-HB,true
2018-05-10,Christi Himmelfahrt,DE-HH,true
2018-05-10,Christi Himmelfahrt,DE-HE,true
2018-05-10,Christi Himmelfahrt,DE-MV,true
2018-05-10,Christi Himmelfahrt,DE-NI,true
2018-05-10,Christi Himmelfahrt,DE-NW,true
2018-05-10,Christi Himmelfahrt,DE-RP,true
2018-05-10,Christi Himmelfahrt,DE-SL,true
2018-05-10,Christi Himmelfahrt,DE-SN,true
2018-05-10,Christi Himmelfahrt,DE-ST,true
2018-05-10,Christi Himmelfahrt,DE-SH,true
2018-05-10,Christi Himmelfahrt,DE-TH,true
2018-05-21,Pfingstmontag,DE-BW,true
2018-05-21,Pfingstmontag,DE-BY,true
2018-05-21,Pfingstmontag,DE-BE,true
2018-05-21,Pfingstmontag,DE-BB,true
2018-05-21,Pfingstmontag,DE-HB,true
2018-05-21,Pfingstmontag,DE-HH,true
2018-05-21,Pfingstmontag,DE-HE,true
2018-05-21,Pfingstmontag,DE-MV,true
2018-05-21,Pfingstmontag,DE-NI,true
2018-05-21,Pfingstmontag,DE-NW,true
2018-05-21,Pfingstmontag,DE-RP,true
2018-05-21,Pfingstmontag,DE-SL,true
2018-05-21,Pfingstmontag,DE-SN,true
2018-05-21,Pfingstmontag,DE-ST,true
2018-05-21,Pfingstmontag,DE-SH,true
2018-05-21,Pfingstmontag,DE-TH,true
2018-10-03,Tag der Deutschen Einheit,DE-BW,true
2018-10-03,Tag der Deutschen Einheit,DE-BY,true
2018-10-03,Tag der Deutschen Einheit,DE-BE,true
2018-10-03,Tag der Deutschen Einheit,DE-BB,true
2018-10-03,Tag der Deutschen Einheit,DE-HB,true
2018-10-03,Tag der Deutschen Einheit,DE-HH,true
2018-10-03,Tag der Deutschen Einheit,DE-HE,true
2018-10-03,Tag der Deutschen Einheit,DE-MV,true
2018-10-03,Tag der Deutschen Einheit,DE-NI,true
2018-10-03,Tag der Deutschen Einheit,DE-NW,true
2018-10-03,Tag der Deutschen Einheit,DE-RP,true
2018-10-03,Tag der Deutschen Einheit,DE-SL,true
2018-10-03,Tag der Deutschen Einheit,DE-SN,true
2018-10-03,Tag der Deutschen Einheit,DE-ST,true
2018-10-03,Tag der Deutschen Einheit,DE-SH,true
2018-10-03,Tag der Deutschen Einheit,DE-TH,true
2018-12-25,1. Weihnachtsfeiertag,DE-BW,true
2018-12-25,1. Weihnachtsfeiertag,DE-BY,true
2018-12-25,1. Weihnachtsfeiertag,DE-BE,true
2018-12-25,1. Weihnachtsfeiertag,DE-BB,true
2018-12-25,1. Weihnachtsfeiertag,DE-HB,true
2018-12-25,1. Weihnachtsfeiertag,DE-HH,true
2018-12-25,1. Weihnachtsfeiertag,DE-HE,true
2018-12-25,1. Weihnachtsfeiertag,DE-MV,true
2018-12-25,1. Weihnachtsfeiertag,DE-NI,true
2018-12-25,1. Weihnachtsfeiertag,DE-NW,true
2018-12-25,1. Weihnachtsfeiertag,DE-RP,true
2018-12-25,1. Weihnachtsfeiertag,DE-SL,true
2018-12-25,1. Weihnachtsfeiertag,DE-SN,true
2018-12-25,1. Weihnachtsfeiertag,DE-ST,true
2018-12-25,1. Weihnachtsfeiertag,DE-SH,true
2018-12-25,1. Weihnachtsfeiertag,DE-TH,true
2018-12-26,2. Weihnachtsfeiertag,DE-BW,true
2018-12-26,2. Weihnachtsfeiertag,DE-BY,true
2018-12-26,2. Weihnachtsfeiertag,DE-BE,true
2018-12-26,2. Weihnachtsfeiertag,DE-BB,true
2018-12-26,2. Weihnachtsfeiertag,DE-HB,true
2018-12-26,2. Weihnachtsfeiertag,DE-HH,true
2018-12-26,2. Weihnachtsfeiertag,DE-HE,true
2018-12-26,2. Weihnachtsfeiertag,DE-MV,true
2018-12-26,2. Weihnachtsfeiertag,DE-NI,true
2018-12-26,2. Weihnachtsfeiertag,DE-NW,true
2018-12-26,2. Weihnachtsfeiertag,DE-RP,true
2018-12-26,2. Weihnachtsfeiertag,DE-SL,true
2018-12-26,2. Weihnachtsfeiertag,DE-SN,true
2018-12-26,2. Weihnachtsfeiertag,DE-ST,true
2018-12-26,2. Weihnachtsfeiertag,DE-SH,true
2018-12-26,2. Weihnachtsfeiertag,DE-TH,true
2018-01-06,Heilige Drei Könige,DE-BW,false
2018-01-06,Heilige Drei Könige,DE-BY,false
2018-01-06,Heilige Drei Könige,DE-ST,false
2018-05-31,Fronleichnam,DE-BW,false
2018-05-31,Fronleichnam,DE-BY,false
2018-05-31,Fronleichnam,DE-HE,false
2018-05-31,Fronleichnam,DE-NW,false
2018-05-31,Fronleichnam,DE-RP,false
2018-05-31,Fronleichnam,DE-SL,false
2018-08-15,Mariä Himmelfahrt,DE-BY,false
2018-08-15,Mariä Himmelfahrt,DE-SL,false
2018-09-20,Weltkindertag,DE-TH,false
2018-10-31,Reformationstag,DE-BB,false
2018-10-31,Reformationstag,DE-HB,false
2018-10-31,Reformationstag,DE-HH,false
2018-10-31,Reformationstag,DE-MV,false
2018-10-31,Reformationstag,DE-NI,false
2018-10-31,Reformationstag,DE-SN,false
2018-10-31,Reformationstag,DE-ST,false
2018-10-31,Reformationstag,DE-SH,false
2018-10-31,Reformationstag,DE-TH,false
2018-11-01,Allerheiligen,DE-BW,false
2018-11-01,Allerheiligen,DE-BY,false
2018-11-01,Allerheiligen,DE-NW,false
2018-11-01,Allerheiligen,DE-RP,false
2018-11-01,Allerheiligen,DE-SL,false
2018-11-21,Buß- und Bettag,DE-SN,false
2018-03-08,Internationaler Frauentag,DE-BE,false
2018-03-08,Internationaler Frauentag,DE-MV,false
2019-01-01,Neujahr,DE-BW,true
2019-01-01,Neujahr,DE-BY,true
2019-01-01,Neujahr,DE-BE,true
2019-01-01,Neujahr,DE-BB,true
2019-01-01,Neujahr,DE-HB,true
2019-01-01,Neujahr,DE-HH,true
2019-01-01,Neujahr,DE-HE,true
2019-01-01,Neujahr,DE-MV,true
2019-01-01,Neujahr,DE-NI,true
2019-01-01,Neujahr,DE-NW,true
2019-01-01,Neujahr,DE-RP,true
2019-01-01,Neujahr,DE-SL,true
2019-01-01,Neujahr,DE-SN,true
2019-01-01,Neujahr,DE-ST,true
2019-01-01,Neujahr,DE-SH,true
2019-01-01,Neujahr,DE-TH,true
2019-04-19,Karfreitag,DE-BW,true
2019-04-19,Karfreitag,DE-BY,true
2019-04-19,Karfreitag,DE-BE,true
2019-04-19,Karfreitag,DE-BB,true
2019-04-19,Karfreitag,DE-HB,true
2019-04-19,Karfreitag,DE-HH,true
2019-04-19,Karfreitag,DE-HE,true
2019-04-19,Karfreitag,DE-MV,true
2019-04-19,Karfreitag,DE-NI,true
2019-04-19,Karfreitag,DE-NW,true
2019-04-19,Karfreitag,DE-RP,true
2019-04-19,Karfreitag,DE-SL,true
2019-04-19,Karfreitag,DE-SN,true
2019-04-19,Karfreitag,DE-ST,true
2019-04-19,Karfreitag,DE-SH,true
2019-04-19,Karfreitag,DE-TH,true
2019-04-22,Ostermontag,DE-BW,true
2019-04-22,Ostermontag,DE-BY,true
2019-04-22,Ostermontag,DE-BE,true
2019-04-22,Ostermontag,DE-BB,true
2019-04-22,Ostermontag,DE-HB,true
2019-04-22,Ostermontag,DE-HH,true
2019-04-22,Ostermontag,DE-HE,true
2019-04-22,Ostermontag,DE-MV,true
2019-04-22,Ostermontag,DE-NI,true
2019-04-22,Ostermontag,DE-NW,true
2019-04-22,Ostermontag,DE-RP,true
2019-04-22,Ostermontag,DE-SL,true
2019-04-22,Ostermontag,DE-SN,true
2019-04-22,Ostermontag,DE-ST,true
2019-04-22,Ostermontag,DE-SH,true
2019-04-22,Ostermontag,DE-TH,true
2019-05-01,Tag der Arbeit,DE-BW,true
2019-05-01,Tag der Arbeit,DE-BY,true
2019-05-01,Tag der Arbeit,DE-BE,true
2019-05-01,Tag der Arbeit,DE-BB,true
2019-05-01,Tag der Arbeit,DE-HB,true
2019-05-01,Tag der Arbeit,DE-HH,true
2019-05-01,Tag der Arbeit,DE-HE,true
2019-05-01,Tag der Arbeit,DE-MV,true
2019-05-01,Tag der Arbeit,DE-NI,true
2019-05-01,Tag der Arbeit,DE-NW,true
2019-05-01,Tag der Arbeit,DE-RP,true
2019-05-01,Tag der Arbeit,DE-SL,true
2019-05-01,Tag der Arbeit,DE-SN,true
2019-05-01,Tag der Arbeit,DE-ST,true
2019-05-01,Tag der Arbeit,DE-SH,true
2019-05-01,Tag der Arbeit,DE-TH,true
2019-05-30,Christi Himmelfahrt,DE-BW,true
2019-05-30,Christi Himmelfahrt,DE-BY,true
2019-05-30,Christi Himmelfahrt,DE-BE,true
2019-05-30,Christi Himmelfahrt,DE-BB,true
2019-05-30,Christi Himmelfahrt,DE-HB,true
2019-05-30,Christi Himmelfahrt,DE-HH,true
2019-05-30,Christi Himmelfahrt,DE-HE,true
2019-05-30,Christi Himmelfahrt,DE-MV,true
2019-05-30,Christi Himmelfahrt,DE-NI,true
2019-05-30,Christi Himmelfahrt,DE-NW,true
2019-05-30,Christi Himmelfahrt,DE-RP,true
2019-05-30,Christi Himmelfahrt,DE-SL,true
2019-05-30,Christi Himmelfahrt,DE-SN,true
2019-05-30,Christi Himmelfahrt,DE-ST,true
2019-05-30,Christi Himmelfahrt,DE-SH,true
2019-05-30,Christi Himmelfahrt,DE-TH,true
2019-06-10,Pfingstmontag,DE-BW,true
2019-06-10,Pfingstmontag,DE-BY,true
2019-06-10,Pfingstmontag,DE-BE,true
2019-06-10,Pfingstmontag,DE-BB,true
2019-06-10,Pfingstmontag,DE-HB,true
2019-06-10,Pfingstmontag,DE-HH,true
2019-06-10,Pfingstmontag,DE-HE,true
2019-06-10,Pfingstmontag,DE-MV,true
2019-06-10,Pfingstmontag,DE-NI,true
2019-06-10,Pfingstmontag,DE-NW,true
2019-06-10,Pfingstmontag,DE-RP,true
2019-06-10,Pfingstmontag,DE-SL,true
2019-06-10,Pfingstmontag,DE-SN,true
2019-06-10,Pfingstmontag,DE-ST,true
2019-06-10,Pfingstmontag,DE-SH,true
2019-06-10,Pfingstmontag,DE-TH,true
2019-10-03,Tag der Deutschen Einheit,DE-BW,true
2019-10-03,Tag der Deutschen Einheit,DE-BY,true
2019-10-03,Tag der Deutschen Einheit,DE-BE,true
2019-10-03,Tag der Deutschen Einheit,DE-BB,true
2019-10-03,Tag der Deutschen Einheit,DE-HB,true
2019-10-03,Tag der Deutschen Einheit,DE-HH,true
2019-10-03,Tag der Deutschen Einheit,DE-HE,true
2019-10-03,Tag der Deutschen Einheit,DE-MV,true
2019-10-03,Tag der Deutschen Einheit,DE-NI,true
2019-10-03,Tag der Deutschen Einheit,DE-NW,true
2019-10-03,Tag der Deutschen Einheit,DE-RP,true
2019-10-03,Tag der Deutschen Einheit,DE-SL,true
2019-10-03,Tag der Deutschen Einheit,DE-SN,true
2019-10-03,Tag der Deutschen Einheit,DE-ST,true
2019-10-03,Tag der Deutschen Einheit,DE-SH,true
2019-10-03,Tag der Deutschen Einheit,DE-TH,true
2019-12-25,1. Weihnachtsfeiertag,DE-BW,true
2019-12-25,1. Weihnachtsfeiertag,DE-BY,true
2019-12-25,1. Weihnachtsfeiertag,DE-BE,true
2019-12-25,1. Weihnachtsfeiertag,DE-BB,true
2019-12-25,1. Weihnachtsfeiertag,DE-HB,true
2019-12-25,1. Weihnachtsfeiertag,DE-HH,true
2019-12-25,1. Weihnachtsfeiertag,DE-HE,true
2019-12-25,1. Weihnachtsfeiertag,DE-MV,true
2019-12-25,1. Weihnachtsfeiertag,DE-NI,true
2019-12-25,1. Weihnachtsfeiertag,DE-NW,true
2019-12-25,1. Weihnachtsfeiertag,DE-RP,true
2019-12-25,1. Weihnachtsfeiertag,DE-SL,true
2019-12-25,1. Weihnachtsfeiertag,DE-SN,true
2019-12-25,1. Weihnachtsfeiertag,DE-ST,true
2019-12-25,1. Weihnachtsfeiertag,DE-SH,true
2019-12-25,1. Weihnachtsfeiertag,DE-TH,true
2019-12-26,2. Weihnachtsfeiertag,DE-BW,true
2019-12-26,2. Weihnachtsfeiertag,DE-BY,true
2019-12-26,2. Weihnachtsfeiertag,DE-BE,true
2019-12-26,2. Weihnachtsfeiertag,DE-BB,true
2019-12-26,2. Weihnachtsfeiertag,DE-HB,true
2019-12-26,2. Weihnachtsfeiertag,DE-HH,true
2019-12-26,2. Weihnachtsfeiertag,DE-HE,true
2019-12-26,2. Weihnachtsfeiertag,DE-MV,true
2019-12-26,2. Weihnachtsfeiertag,DE-NI,true
2019-12-26,2. Weihnachtsfeiertag,DE-NW,true
2019-12-26,2. Weihnachtsfeiertag,DE-RP,true
2019-12-26,2. Weihnachtsfeiertag,DE-SL,true
2019-12-26,2. Weihnachtsfeiertag,DE-SN,true
2019-12-26,2. Weihnachtsfeiertag,DE-ST,true
2019-12-26,2. Weihnachtsfeiertag,DE-SH,true
2019-12-26,2. Weihnachtsfeiertag,DE-TH,true
2019-01-06,Heilige Drei Könige,DE-BW,false
2019-01-06,Heilige Drei Könige,DE-BY,false
2019-01-06,Heilige Drei Könige,DE-ST,false
2019-06-20,Fronleichnam,DE-BW,false
2019-06-20,Fronleichnam,DE-BY,false
2019-06-20,Fronleichnam,DE-HE,false
2019-06-20,Fronleichnam,DE-NW,false
2019-06-20,Fronleichnam,DE-RP,false
2019-06-20,Fronleichnam,DE-SL,false
2019-08-15,Mariä Himmelfahrt,DE-BY,false
2019-08-15,Mariä Himmelfahrt,DE-SL,false
2019-09-20,Weltkindertag,DE-TH,false
2019-10-31,Reformationstag,DE-BB,false
2019-10-31,Reformationstag,DE-HB,false
2019-10-31,Reformationstag,DE-HH,false
2019-10-31,Reformationstag,DE-MV,false
2019-10-31,Reformationstag,DE-NI,false
2019-10-31,Reformationstag,DE-SN,false
2019-10-31,Reformationstag,DE-ST,false
2019-10-31,Reformationstag,DE-SH,false
2019-10-31,Reformationstag,DE-TH,false
2019-11-01,Allerheiligen,DE-BW,false
2019-11-01,Allerheiligen,DE-BY,false
2019-11-01,Allerheiligen,DE-NW,false
2019-11-01,Allerheiligen,DE-RP,false
2019-11-01,Allerheiligen,DE-SL,false
2019-11-20,Buß- und Bettag,DE-SN,false
2019-03-08,Internationaler Frauentag,DE-BE,false
2019-03-08,Internationaler Frauentag,DE-MV,false
2020-01-01,Neujahr,DE-BW,true
2020-01-01,Neujahr,DE-BY,true
2020-01-01,Neujahr,DE-BE,true
2020-01-01,Neujahr,DE-BB,true
2020-01-01,Neujahr,DE-HB,true
2020-01-01,Neujahr,DE-HH,true
2020-01-01,Neujahr,DE-HE,true
2020-01-01,Neujahr,DE-MV,true
2020-01-01,Neujahr,DE-NI,true
2020-01-01,Neujahr,DE-NW,true
2020-01-01,Neujahr,DE-RP,true
2020-01-01,Neujahr,DE-SL,true
2020-01-01,Neujahr,DE-SN,true
2020-01-01,Neujahr,DE-ST,true
2020-01-01,Neujahr,DE-SH,true
2020-01-01,Neujahr,DE-TH,true
2020-04-10,Karfreitag,DE-BW,true
2020-04-10,Karfreitag,DE-BY,true
2020-04-10,Karfreitag,DE-BE,true
2020-04-10,Karfreitag,DE-BB,true
2020-04-10,Karfreitag,DE-HB,true
2020-04-10,Karfreitag,DE-HH,true
2020-04-10,Karfreitag,DE-HE,true
2020-04-10,Karfreitag,DE-MV,true
2020-04-10,Karfreitag,DE-NI,true
2020-04-10,Karfreitag,DE-NW,true
2020-04-10,Karfreitag,DE-RP,true
2020-04-10,Karfreitag,DE-SL,true
2020-04-10,Karfreitag,DE-SN,true
2020-04-10,Karfreitag,DE-ST,true
2020-04-10,Karfreitag,DE-SH,true
2020-04-10,Karfreitag,DE-TH,true
2020-04-13,Ostermontag,DE-BW,true
2020-04-13,Ostermontag,DE-BY,true
2020-04-13,Ostermontag,DE-BE,true
2020-04-13,Ostermontag,DE-BB,true
2020-04-13,Ostermontag,DE-HB,true
2020-04-13,Ostermontag,DE-HH,true
2020-04-13,Ostermontag,DE-HE,true
2020-04-13,Ostermontag,DE-MV,true
2020-04-13,Ostermontag,DE-NI,true
2020-04-13,Ostermontag,DE-NW,true
2020-04-13,Ostermontag,DE-RP,true
2020-04-13,Ostermontag,DE-SL,true
2020-04-13,Ostermontag,DE-SN,true
2020-04-13,Ostermontag,DE-ST,true
2020-04-13,Ostermontag,DE-SH,true
2020-04-13,Ostermontag,DE-TH,true
2020-05-01,Tag der Arbeit,DE-BW,true
2020-05-01,Tag der Arbeit,DE-BY,true
2020-05-01,Tag der Arbeit,DE-BE,true
2020-05-01,Tag der Arbeit,DE-BB,true
2020-05-01,Tag der Arbeit,DE-HB,true
2020-05-01,Tag der Arbeit,DE-HH,true
2020-05-01,Tag der Arbeit,DE-HE,true
2020-05-01,Tag der Arbeit,DE-MV,true
2020-05-01,Tag der Arbeit,DE-NI,true
2020-05-01,Tag der Arbeit,DE-NW,true
2020-05-01,Tag der Arbeit,DE-RP,true
2020-05-01,Tag der Arbeit,DE-SL,true
2020-05-01,Tag der Arbeit,DE-SN,true
2020-05-01,Tag der Arbeit,DE-ST,true
2020-05-01,Tag der Arbeit,DE-SH,true
2020-05-01,Tag der Arbeit,DE-TH,true
2020-05-21,Christi Himmelfahrt,DE-BW,true
2020-05-21,Christi Himmelfahrt,DE-BY,true
2020-05-21,Christi Himmelfahrt,DE-BE,true
2020-05-21,Christi Himmelfahrt,DE-BB,true
2020-05-21,Christi Himmelfahrt,DE-HB,true
2020-05-21,Christi Himmelfahrt,DE-HH,true
2020-05-21,Christi Himmelfahrt,DE-HE,true
2020-05-21,Christi Himmelfahrt,DE-MV,true
2020-05-21,Christi Himmelfahrt,DE-NI,true
2020-05-21,Christi Himmelfahrt,DE-NW,true
2020-05-21,Christi Himmelfahrt,DE-RP,true
2020-05-21,Christi Himmelfahrt,DE-SL,true
2020-05-21,Christi Himmelfahrt,DE-SN,true
2020-05-21,Christi Himmelfahrt,DE-ST,true
2020-05-21,Christi Himmelfahrt,DE-SH,true
2020-05-21,Christi Himmelfahrt,DE-TH,true
2020-06-01,Pfingstmontag,DE-BW,true
2020-06-01,Pfingstmontag,DE-BY,true
2020-06-01,Pfingstmontag,DE-BE,true
2020-06-01,Pfingstmontag,DE-BB,true
2020-06-01,Pfingstmontag,DE-HB,true
2020-06-01,Pfingstmontag,DE-HH,true
2020-06-01,Pfingstmontag,DE-HE,true
2020-06-01,Pfingstmontag,DE-MV,true
2020-06-01,Pfingstmontag,DE-NI,true
2020-06-01,Pfingstmontag,DE-NW,true
2020-06-01,Pfingstmontag,DE-RP,true
2020-06-01,Pfingstmontag,DE-SL,true
2020-06-01,Pfingstmontag,DE-SN,true
2020-06-01,Pfingstmontag,DE-ST,true
2020-06-01,Pfingstmontag,DE-SH,true
2020-06-01,Pfingstmontag,DE-TH,true
2020-10-03,Tag der Deutschen Einheit,DE-BW,true
2020-10-03,Tag der Deutschen Einheit,DE-BY,true
2020-10-03,Tag der Deutschen Einheit,DE-BE,true
2020-10-03,Tag der Deutschen Einheit,DE-BB,true
2020-10-03,Tag der Deutschen Einheit,DE-HB,true
2020-10-03,Tag der Deutschen Einheit,DE-HH,true
2020-10-03,Tag der Deutschen Einheit,DE-HE,true
2020-10-03,Tag der Deutschen Einheit,DE-MV,true
2020-10-03,Tag der Deutschen Einheit,DE-NI,true
2020-10-03,Tag der Deutschen Einheit,DE-NW,true
2020-10-03,Tag der Deutschen Einheit,DE-RP,true
2020-10-03,Tag der Deutschen Einheit,DE-SL,true
2020-10-03,Tag der Deutschen Einheit,DE-SN,true
2020-10-03,Tag der Deutschen Einheit,DE-ST,true
2020-10-03,Tag der Deutschen Einheit,DE-SH,true
2020-10-03,Tag der Deutschen Einheit,DE-TH,true
2020-12-25,1. Weihnachtsfeiertag,DE-BW,true
2020-12-25,1. Weihnachtsfeiertag,DE-BY,true
2020-12-25,1. Weihnachtsfeiertag,DE-BE,true
2020-12-25,1. Weihnachtsfeiertag,DE-BB,true
2020-12-25,1. Weihnachtsfeiertag,DE-HB,true
2020-12-25,1. Weihnachtsfeiertag,DE-HH,true
2020-12-25,1. Weihnachtsfeiertag,DE-HE,true
2020-12-25,1. Weihnachtsfeiertag,DE-MV,true
2020-12-25,1. Weihnachtsfeiertag,DE-NI,true
2020-12-25,1. Weihnachtsfeiertag,DE-NW,true
2020-12-25,1. Weihnachtsfeiertag,DE-RP,true
2020-12-25,1. Weihnachtsfeiertag,DE-SL,true
2020-12-25,1. Weihnachtsfeiertag,DE-SN,true
2020-12-25,1. Weihnachtsfeiertag,DE-ST,true
2020-12-25,1. Weihnachtsfeiertag,DE-SH,true
2020-12-25,1. Weihnachtsfeiertag,DE-TH,true
2020-12-26,2. Weihnachtsfeiertag,DE-BW,true
2020-12-26,2. Weihnachtsfeiertag,DE-BY,true
2020-12-26,2. Weihnachtsfeiertag,DE-BE,true
2020-12-26,2. Weihnachtsfeiertag,DE-BB,true
2020-12-26,2. Weihnachtsfeiertag,DE-HB,true
2020-12-26,2. Weihnachtsfeiertag,DE-HH,true
2020-12-26,2. Weihnachtsfeiertag,DE-HE,true
2020-12-26,2. Weihnachtsfeiertag,DE-MV,true
2020-12-26,2. Weihnachtsfeiertag,DE-NI,true
2020-12-26,2. Weihnachtsfeiertag,DE-NW,true
2020-12-26,2. Weihnachtsfeiertag,DE-RP,true
2020-12-26,2. Weihnachtsfeiertag,DE-SL,true
2020-12-26,2. Weihnachtsfeiertag,DE-SN,true
2020-12-26,2. Weihnachtsfeiertag,DE-ST,true
2020-12-26,2. Weihnachtsfeiertag,DE-SH,true
2020-12-26,2. Weihnachtsfeiertag,DE-TH,true
2020-01-06,Heilige Drei Könige,DE-BW,false
2020-01-06,Heilige Drei Könige,DE-BY,false
2020-01-06,Heilige Drei Könige,DE-ST,false
2020-06-11,Fronleichnam,DE-BW,false
2020-06-11,Fronleichnam,DE-BY,false
2020-06-11,Fronleichnam,DE-HE,false
2020-06-11,Fronleichnam,DE-NW,false
2020-06-11,Fronleichnam,DE-RP,false
2020-06-11,Fronleichnam,DE-SL,false
2020-08-15,Mariä Himmelfahrt,DE-BY,false
2020-08-15,Mariä Himmelfahrt,DE-SL,false
2020-09-20,Weltkindertag,DE-TH,false
2020-10-31,Reformationstag,DE-BB,false
2020-10-31,Reformationstag,DE-HB,false
2020-10-31,Reformationstag,DE-HH,false
2020-10-31,Reformationstag,DE-MV,false
2020-10-31,Reformationstag,DE-NI,false
2020-10-31,Reformationstag,DE-SN,false
2020-10-31,Reformationstag,DE-ST,false
2020-10-31,Reformationstag,DE-SH,false
2020-10-31,Reformationstag,DE-TH,false
2020-11-01,Allerheiligen,DE-BW,false
2020-11-01,Allerheiligen,DE-BY,false
2020-11-01,Allerheiligen,DE-NW,false
2020-11-01,Allerheiligen,DE-RP,false
2020-11-01,Allerheiligen,DE-SL,false
2020-11-18,Buß- und Bettag,DE-SN,false
2020-03-08,Internationaler Frauentag,DE-BE,false
2020-03-08,Internationaler Frauentag,DE-MV,false
2021-01-01,Neujahr,DE-BW,true
2021-01-01,Neujahr,DE-BY,true
2021-01-01,Neujahr,DE-BE,true
2021-01-01,Neujahr,DE-BB,true
2021-01-01,Neujahr,DE-HB,true
2021-01-01,Neujahr,DE-HH,true
2021-01-01,Neujahr,DE-HE,true
2021-01-01,Neujahr,DE-MV,true
2021-01-01,Neujahr,DE-NI,true
2021-01-01,Neujahr,DE-NW,true
2021-01-01,Neujahr,DE-RP,true
2021-01-01,Neujahr,DE-SL,true
2021-01-01,Neujahr,DE-SN,true
2021-01-01,Neujahr,DE-ST,true
2021-01-01,Neujahr,DE-SH,true
2021-01-01,Neujahr,DE-TH,true
2021-04-02,Karfreitag,DE-BW,true
2021-04-02,Karfreitag,DE-BY,true
2021-04-02,Karfreitag,DE-BE,true
2021-04-02,Karfreitag,DE-BB,true
2021-04-02,Karfreitag,DE-HB,true
2021-04-02,Karfreitag,DE-HH,true
2021-04-02,Karfreitag,DE-HE,true
2021-04-02,Karfreitag,DE-MV,true
2021-04-02,Karfreitag,DE-NI,true
2021-04-02,Karfreitag,DE-NW,true
2021-04-02,Karfreitag,DE-RP,true
2021-04-02,Karfreitag,DE-SL,true
2021-04-02,Karfreitag,DE-SN,true
2021-04-02,Karfreitag,DE-ST,true
2021-04-02,Karfreitag,DE-SH,true
2021-04-02,Karfreitag,DE-TH,true
2021-04-05,Ostermontag,DE-BW,true
2021-04-05,Ostermontag,DE-BY,true
2021-04-05,Ostermontag,DE-BE,true
2021-04-05,Ostermontag,DE-BB,true
2021-04-05,Ostermontag,DE-HB,true
2021-04-05,Ostermontag,DE-HH,true
2021-04-05,Ostermontag,DE-HE,true
2021-04-05,Ostermontag,DE-MV,true
2021-04-05,Ostermontag,DE-NI,true
2021-04-05,Ostermontag,DE-NW,true
2021-04-05,Ostermontag,DE-RP,true
2021-04-05,Ostermontag,DE-SL,true
2021-04-05,Ostermontag,DE-SN,true
2021-04-05,Ostermontag,DE-ST,true
2021-04-05,Ostermontag,DE-SH,true
2021-04-05,Ostermontag,DE-TH,true
2021-05-01,Tag der Arbeit,DE-BW,true
2021-05-01,Tag der Arbeit,DE-BY,true
2021-05-01,Tag der Arbeit,DE-BE,true
2021-05-01,Tag der Arbeit,DE-BB,true
2021-05-01,Tag der Arbeit,DE-HB,true
2021-05-01,Tag der Arbeit,DE-HH,true
2021-05-01,Tag der Arbeit,DE-HE,true
2021-05-01,Tag der Arbeit,DE-MV,true
2021-05-01,Tag der Arbeit,DE-NI,true
2021-05-01,Tag der Arbeit,DE-NW,true
2021-05-01,Tag der Arbeit,DE-RP,true
2021-05-01,Tag der Arbeit,DE-SL,true
2021-05-01,Tag der Arbeit,DE-SN,true
2021-05-01,Tag der Arbeit,DE-ST,true
2021-05-01,Tag der Arbeit,DE-SH,true
2021-05-01,Tag der Arbeit,DE-TH,true
2021-05-13,Christi Himmelfahrt,DE-BW,true
2021-05-13,Christi Himmelfahrt,DE-BY,true
2021-05-13,Christi Himmelfahrt,DE-BE,true
2021-05-13,Christi Himmelfahrt,DE-BB,true
2021-05-13,Christi Himmelfahrt,DE-HB,true
2021-05-13,Christi Himmelfahrt,DE-HH,true
2021-05-13,Christi Himmelfahrt,DE-HE,true
2021-05-13,Christi Himmelfahrt,DE-MV,true
2021-05-13,Christi Himmelfahrt,DE-NI,true
2021-05-13,Christi Himmelfahrt,DE-NW,true
2021-05-13,Christi Himmelfahrt,DE-RP,true
2021-05-13,Christi Himmelfahrt,DE-SL,true
2021-05-13,Christi Himmelfahrt,DE-SN,true
2021-05-13,Christi Himmelfahrt,DE-ST,true
2021-05-13,Christi Himmelfahrt,DE-SH,true
2021-05-13,Christi Himmelfahrt,DE-TH,true
2021-05-24,Pfingstmontag,DE-BW,true
2021-05-24,Pfingstmontag,DE-BY,true
2021-05-24,Pfingstmontag,DE-BE,true
2021-05-24,Pfingstmontag,DE-BB,true
2021-05-24,Pfingstmontag,DE-HB,true
2021-05-24,Pfingstmontag,DE-HH,true
2021-05-24,Pfingstmontag,DE-HE,true
2021-05-24,Pfingstmontag,DE-MV,true
2021-05-24,Pfingstmontag,DE-NI,true
2021-05-24,Pfingstmontag,DE-NW,true
2021-05-24,Pfingstmontag,DE-RP,true
2021-05-24,Pfingstmontag,DE-SL,true
2021-05-24,Pfingstmontag,DE-SN,true
2021-05-24,Pfingstmontag,DE-ST,true
2021-05-24,Pfingstmontag,DE-SH,true
2021-05-24,Pfingstmontag,DE-TH,true
2021-10-03,Tag der Deutschen Einheit,DE-BW,true
2021-10-03,Tag der Deutschen Einheit,DE-BY,true
2021-10-03,Tag der Deutschen Einheit,DE-BE,true
2021-10-03,Tag der Deutschen Einheit,DE-BB,true
2021-10-03,Tag der Deutschen Einheit,DE-HB,true
2021-10-03,Tag der Deutschen Einheit,DE-HH,true
2021-10-03,Tag der Deutschen Einheit,DE-HE,true
2021-10-03,Tag der Deutschen Einheit,DE-MV,true
2021-10-03,Tag der Deutschen Einheit,DE-NI,true
2021-10-03,Tag der Deutschen Einheit,DE-NW,true
2021-10-03,Tag der Deutschen Einheit,DE-RP,true
2021-10-03,Tag der Deutschen Einheit,DE-SL,true
2021-10-03,Tag der Deutschen Einheit,DE-SN,true
2021-10-03,Tag der Deutschen Einheit,DE-ST,true
2021-10-03,Tag der Deutschen Einheit,DE-SH,true
2021-10-03,Tag der Deutschen Einheit,DE-TH,true
2021-12-25,1. Weihnachtsfeiertag,DE-BW,true
2021-12-25,1. Weihnachtsfeiertag,DE-BY,true
2021-12-25,1. Weihnachtsfeiertag,DE-BE,true
2021-12-25,1. Weihnachtsfeiertag,DE-BB,true
2021-12-25,1. Weihnachtsfeiertag,DE-HB,true
2021-12-25,1. Weihnachtsfeiertag,DE-HH,true
2021-12-25,1. Weihnachtsfeiertag,DE-HE,true
2021-12-25,1. Weihnachtsfeiertag,DE-MV,true
2021-12-25,1. Weihnachtsfeiertag,DE-NI,true
2021-12-25,1. Weihnachtsfeiertag,DE-NW,true
2021-12-25,1. Weihnachtsfeiertag,DE-RP,true
2021-12-25,1. Weihnachtsfeiertag,DE-SL,true
2021-12-25,1. Weihnachtsfeiertag,DE-SN,true
2021-12-25,1. Weihnachtsfeiertag,DE-ST,true
2021-12-25,1. Weihnachtsfeiertag,DE-SH,true
2021-12-25,1. Weihnachtsfeiertag,DE-TH,true
2021-12-26,2. Weihnachtsfeiertag,DE-BW,true
2021-12-26,2. Weihnachtsfeiertag,DE-BY,true
2021-12-26,2. Weihnachtsfeiertag,DE-BE,true
2021-12-26,2. Weihnachtsfeiertag,DE-BB,true
2021-12-26,2. Weihnachtsfeiertag,DE-HB,true
2021-12-26,2. Weihnachtsfeiertag,DE-HH,true
2021-12-26,2. Weihnachtsfeiertag,DE-HE,true
2021-12-26,2. Weihnachtsfeiertag,DE-MV,true
2021-12-26,2. Weihnachtsfeiertag,DE-NI,true
2021-12-26,2. Weihnachtsfeiertag,DE-NW,true
2021-12-26,2. Weihnachtsfeiertag,DE-RP,true
2021-12-26,2. Weihnachtsfeiertag,DE-SL,true
2021-12-26,2. Weihnachtsfeiertag,DE-SN,true
2021-12-26,2. Weihnachtsfeiertag,DE-ST,true
2021-12-26,2. Weihnachtsfeiertag,DE-SH,true
2021-12-26,2. Weihnachtsfeiertag,DE-TH,true
2021-01-06,Heilige Drei Könige,DE-BW,false
2021-01-06,Heilige Drei Könige,DE-BY,false
2021-01-06,Heilige Drei Könige,DE-ST,false
2021-06-03,Fronleichnam,DE-BW,false
2021-06-03,Fronleichnam,DE-BY,false
2021-06-03,Fronleichnam,DE-HE,false
2021-06-03,Fronleichnam,DE-NW,false
2021-06-03,Fronleichnam,DE-RP,false
2021-06-03,Fronleichnam,DE-SL,false
2021-08-15,Mariä Himmelfahrt,DE-BY,false
2021-08-15,Mariä Himmelfahrt,DE-SL,false
2021-09-20,Weltkindertag,DE-TH,false
2021-10-31,Reformationstag,DE-BB,false
2021-10-31,Reformationstag,DE-HB,false
2021-10-31,Reformationstag,DE-HH,false
2021-10-31,Reformationstag,DE-MV,false
2021-10-31,Reformationstag,DE-NI,false
2021-10-31,Reformationstag,DE-SN,false
2021-10-31,Reformationstag,DE-ST,false
2021-10-31,Reformationstag,DE-SH,false
2021-10-31,Reformationstag,DE-TH,false
2021-11-01,Allerheiligen,DE-BW,false
2021-11-01,Allerheiligen,DE-BY,false
2021-11-01,Allerheiligen,DE-NW,false
2021-11-01,Allerheiligen,DE-RP,false
2021-11-01,Allerheiligen,DE-SL,false
2021-11-17,Buß- und Bettag,DE-SN,false
2021-03-08,Internationaler Frauentag,DE-BE,false
2021-03-08,Internationaler Frauentag,DE-MV,false
2022-01-01,Neujahr,DE-BW,true
2022-01-01,Neujahr,DE-BY,true
2022-01-01,Neujahr,DE-BE,true
2022-01-01,Neujahr,DE-BB,true
2022-01-01,Neujahr,DE-HB,true
2022-01-01,Neujahr,DE-HH,true
2022-01-01,Neujahr,DE-HE,true
2022-01-01,Neujahr,DE-MV,true
2022-01-01,Neujahr,DE-NI,true
2022-01-01,Neujahr,DE-NW,true
2022-01-01,Neujahr,DE-RP,true
2022-01-01,Neujahr,DE-SL,true
2022-01-01,Neujahr,DE-SN,true
2022-01-01,Neujahr,DE-ST,true
2022-01-01,Neujahr,DE-SH,true
2022-01-01,Neujahr,DE-TH,true
2022-04-15,Karfreitag,DE-BW,true
2022-04-15,Karfreitag,DE-BY,true
2022-04-15,Karfreitag,DE-BE,true
2022-04-15,Karfreitag,DE-BB,true
2022-04-15,Karfreitag,DE-HB,true
2022-04-15,Karfreitag,DE-HH,true
2022-04-15,Karfreitag,DE-HE,true
2022-04-15,Karfreitag,DE-MV,true
2022-04-15,Karfreitag,DE-NI,true
2022-04-15,Karfreitag,DE-NW,true
2022-04-15,Karfreitag,DE-RP,true
2022-04-15,Karfreitag,DE-SL,true
2022-04-15,Karfreitag,DE-SN,true
2022-04-15,Karfreitag,DE-ST,true
2022-04-15,Karfreitag,DE-SH,true
2022-04-15,Karfreitag,DE-TH,true
2022-04-18,Ostermontag,DE-BW,true
2022-04-18,Ostermontag,DE-BY,true
2022-04-18,Ostermontag,DE-BE,true
2022-04-18,Ostermontag,DE-BB,true
2022-04-18,Ostermontag,DE-HB,true
2022-04-18,Ostermontag,DE-HH,true
2022-04-18,Ostermontag,DE-HE,true
2022-04-18,Ostermontag,DE-MV,true
2022-04-18,Ostermontag,DE-NI,true
2022-04-18,Ostermontag,DE-NW,true
2022-04-18,Ostermontag,DE-RP,true
2022-04-18,Ostermontag,DE-SL,true
2022-04-18,Ostermontag,DE-SN,true
2022-04-18,Ostermontag,DE-ST,true
2022-04-18,Ostermontag,DE-SH,true
2022-04-18,Ostermontag,DE-TH,true
2022-05-01,Tag der Arbeit,DE-BW,true
2022-05-01,Tag der Arbeit,DE-BY,true
2022-05-01,Tag der Arbeit,DE-BE,true
2022-05-01,Tag der Arbeit,DE-BB,true
2022-05-01,Tag der Arbeit,DE-HB,true
2022-05-01,Tag der Arbeit,DE-HH,true
2022-05-01,Tag der Arbeit,DE-HE,true
2022-05-01,Tag der Arbeit,DE-MV,true
2022-05-01,Tag der Arbeit,DE-NI,true
2022-05-01,Tag der Arbeit,DE-NW,true
2022-05-01,Tag der Arbeit,DE-RP,true
2022-05-01,Tag der Arbeit,DE-SL,true
2022-05-01,Tag der Arbeit,DE-SN,true
2022-05-01,Tag der Arbeit,DE-ST,true
2022-05-01,Tag der Arbeit,DE-SH,true
2022-05-01,Tag der Arbeit,DE-TH,true
2022-05-26,Christi Himmelfahrt,DE-BW,true
2022-05-26,Christi Himmelfahrt,DE-BY,true
2022-05-26,Christi Himmelfahrt,DE-BE,true
2022-05-26,Christi Himmelfahrt,DE-BB,true
2022-05-26,Christi Himmelfahrt,DE-HB,true
2022-05-26,Christi Himmelfahrt,DE-HH,true
2022-05-26,Christi Himmelfahrt,DE-HE,true
2022-05-26,Christi Himmelfahrt,DE-MV,true
2022-05-26,Christi Himmelfahrt,DE-NI,true
2022-05-26,Christi Himmelfahrt,DE-NW,true
2022-05-26,Christi Himmelfahrt,DE-RP,true
2022-05-26,Christi Himmelfahrt,DE-SL,true
2022-05-26,Christi Himmelfahrt,DE-SN,true
2022-05-26,Christi Himmelfahrt,DE-ST,true
2022-05-26,Christi Himmelfahrt,DE-SH,true
2022-05-26,Christi Himmelfahrt,DE-TH,true
2022-06-06,Pfingstmontag,DE-BW,true
2022-06-06,Pfingstmontag,DE-BY,true
2022-06-06,Pfingstmontag,DE-BE,true
2022-06-06,Pfingstmontag,DE-BB,true
2022-06-06,Pfingstmontag,DE-HB,true
2022-06-06,Pfingstmontag,DE-HH,true
2022-06-06,Pfingstmontag,DE-HE,true
2022-06-06,Pfingstmontag,DE-MV,true
2022-06-06,Pfingstmontag,DE-NI,true
2022-06-06,Pfingstmontag,DE-NW,true
2022-06-06,Pfingstmontag,DE-RP,true
2022-06-06,Pfingstmontag,DE-SL,true
2022-06-06,Pfingstmontag,DE-SN,true
2022-06-06,Pfingstmontag,DE-ST,true
2022-06-06,Pfingstmontag,DE-SH,true
2022-06-06,Pfingstmontag,DE-TH,true
2022-10-03,Tag der Deutschen Einheit,DE-BW,true
2022-10-03,Tag der Deutschen Einheit,DE-BY,true
2022-10-03,Tag der Deutschen Einheit,DE-BE,true
2022-10-03,Tag der Deutschen Einheit,DE-BB,true
2022-10-03,Tag der Deutschen Einheit,DE-HB,true
2022-10-03,Tag der Deutschen Einheit,DE-HH,true
2022-10-03,Tag der Deutschen Einheit,DE-HE,true
2022-10-03,Tag der Deutschen Einheit,DE-MV,true
2022-10-03,Tag der Deutschen Einheit,DE-NI,true
2022-10-03,Tag der Deutschen Einheit,DE-NW,true
2022-10-03,Tag der Deutschen Einheit,DE-RP,true
2022-10-03,Tag der Deutschen Einheit,DE-SL,true
2022-10-03,Tag der Deutschen Einheit,DE-SN,true
2022-10-03,Tag der Deutschen Einheit,DE-ST,true
2022-10-03,Tag der Deutschen Einheit,DE-SH,true
2022-10-03,Tag der Deutschen Einheit,DE-TH,true
2022-12-25,1. Weihnachtsfeiertag,DE-BW,true
2022-12-25,1. Weihnachtsfeiertag,DE-BY,true
2022-12-25,1. Weihnachtsfeiertag,DE-BE,true
2022-12-25,1. Weihnachtsfeiertag,DE-BB,true
2022-12-25,1. Weihnachtsfeiertag,DE-HB,true
2022-12-25,1. Weihnachtsfeiertag,DE-HH,true
2022-12-25,1. Weihnachtsfeiertag,DE-HE,true
2022-12-25,1. Weihnachtsfeiertag,DE-MV,true
2022-12-25,1. Weihnachtsfeiertag,DE-NI,true
2022-12-25,1. Weihnachtsfeiertag,DE-NW,true
2022-12-25,1. Weihnachtsfeiertag,DE-RP,true
2022-12-25,1. Weihnachtsfeiertag,DE-SL,true
2022-12-25,1. Weihnachtsfeiertag,DE-SN,true
2022-12-25,1. Weihnachtsfeiertag,DE-ST,true
2022-12-25,1. Weihnachtsfeiertag,DE-SH,true
2022-12-25,1. Weihnachtsfeiertag,DE-TH,true
2022-12-26,2. Weihnachtsfeiertag,DE-BW,true
2022-12-26,2. Weihnachtsfeiertag,DE-BY,true
2022-12-26,2. Weihnachtsfeiertag,DE-BE,true
2022-12-26,2. Weihnachtsfeiertag,DE-BB,true
2022-12-26,2. Weihnachtsfeiertag,DE-HB,true
2022-12-26,2. Weihnachtsfeiertag,DE-HH,true
2022-12-26,2. Weihnachtsfeiertag,DE-HE,true
2022-12-26,2. Weihnachtsfeiertag,DE-MV,true
2022-12-26,2. Weihnachtsfeiertag,DE-NI,true
2022-12-26,2. Weihnachtsfeiertag,DE-NW,true
2022-12-26,2. Weihnachtsfeiertag,DE-RP,true
2022-12-26,2. Weihnachtsfeiertag,DE-SL,true
2022-12-26,2. Weihnachtsfeiertag,DE-SN,true
2022-12-26,2. Weihnachtsfeiertag,DE-ST,true
2022-12-26,2. Weihnachtsfeiertag,DE-SH,true
2022-12-26,2. Weihnachtsfeiertag,DE-TH,true
2022-01-06,Heilige Drei Könige,DE-BW,false
2022-01-06,Heilige Drei Könige,DE-BY,false
2022-01-06,Heilige Drei Könige,DE-ST,false
2022-06-16,Fronleichnam,DE-BW,false
2022-06-16,Fronleichnam,DE-BY,false
2022-06-16,Fronleichnam,DE-HE,false
2022-06-16,Fronleichnam,DE-NW,false
2022-06-16,Fronleichnam,DE-RP,false
2022-06-16,Fronleichnam,DE-SL,false
2022-08-15,Mariä Himmelfahrt,DE-BY,false
2022-08-15,Mariä Himmelfahrt,DE-SL,false
2022-09-20,Weltkindertag,DE-TH,false
2022-10-31,Reformationstag,DE-BB,false
2022-10-31,Reformationstag,DE-HB,false
2022-10-31,Reformationstag,DE-HH,false
2022-10-31,Reformationstag,DE-MV,false
2022-10-31,Reformationstag,DE-NI,false
2022-10-31,Reformationstag,DE-SN,false
2022-10-31,Reformationstag,DE-ST,false
2022-10-31,Reformationstag,DE-SH,false
2022-10-31,Reformationstag,DE-TH,false
2022-11-01,Allerheiligen,DE-BW,false
2022-11-01,Allerheiligen,DE-BY,false
2022-11-01,Allerheiligen,DE-NW,false
2022-11-01,Allerheiligen,DE-RP,false
2022-11-01,Allerheiligen,DE-SL,false
2022-11-16,Buß- und Bettag,DE-SN,false
2022-03-08,Internationaler Frauentag,DE-BE,false
2022-03-08,Internationaler Frauentag,DE-MV,false
2023-01-01,Neujahr,DE-BW,true
2023-01-01,Neujahr,DE-BY,true
2023-01-01,Neujahr,DE-BE,true
2023-01-01,Neujahr,DE-BB,true
2023-01-01,Neujahr,DE-HB,true
2023-01-01,Neujahr,DE-HH,true
2023-01-01,Neujahr,DE-HE,true
2023-01-01,Neujahr,DE-MV,true
2023-01-01,Neujahr,DE-NI,true
2023-01-01,Neujahr,DE-NW,true
2023-01-01,Neujahr,DE-RP,true
2023-01-01,Neujahr,DE-SL,true
2023-01-01,Neujahr,DE-SN,true
2023-01-01,Neujahr,DE-ST,true
2023-01-01,Neujahr,DE-SH,true
2023-01-01,Neujahr,DE-TH,true
2023-04-07,Karfreitag,DE-BW,true
2023-04-07,Karfreitag,DE-BY,true
2023-04-07,Karfreitag,DE-BE,true
2023-04-07,Karfreitag,DE-BB,true
2023-04-07,Karfreitag,DE-HB,true
2023-04-07,Karfreitag,DE-HH,true
2023-04-07,Karfreitag,DE-HE,true
2023-04-07,Karfreitag,DE-MV,true
2023-04-07,Karfreitag,DE-NI,true
2023-04-07,Karfreitag,DE-NW,true
2023-04-07,Karfreitag,DE-RP,true
2023-04-07,Karfreitag,DE-SL,true
2023-04-07,Karfreitag,DE-SN,true
2023-04-07,Karfreitag,DE-ST,true
2023-04-07,Karfreitag,DE-SH,true
2023-04-07,Karfreitag,DE-TH,true
2023-04-10,Ostermontag,DE-BW,true
2023-04-10,Ostermontag,DE-BY,true
2023-04-10,Ostermontag,DE-BE,true
2023-04-10,Ostermontag,DE-BB,true
2023-04-10,Ostermontag,DE-HB,true
2023-04-10,Ostermontag,DE-HH,true
2023-04-10,Ostermontag,DE-HE,true
2023-04-10,Ostermontag,DE-MV,true
2023-04-10,Ostermontag,DE-NI,true
2023-04-10,Ostermontag,DE-NW,true
2023-04-10,Ostermontag,DE-RP,true
2023-04-10,Ostermontag,DE-SL,true
2023-04-10,Ostermontag,DE-SN,true
2023-04-10,Ostermontag,DE-ST,true
2023-04-10,Ostermontag,DE-SH,true
2023-04-10,Ostermontag,DE-TH,true
2023-05-01,Tag der Arbeit,DE-BW,true
2023-05-01,Tag der Arbeit,DE-BY,true
2023-05-01,Tag der Arbeit,DE-BE,true
2023-05-01,Tag der Arbeit,DE-BB,true
2023-05-01,Tag der Arbeit,DE-HB,true
2023-05-01,Tag der Arbeit,DE-HH,true
2023-05-01,Tag der Arbeit,DE-HE,true
2023-05-01,Tag der Arbeit,DE-MV,true
2023-05-01,Tag der Arbeit,DE-NI,true
2023-05-01,Tag der Arbeit,DE-NW,true
2023-05-01,Tag der Arbeit,DE-RP,true
2023-05-01,Tag der Arbeit,DE-SL,true
2023-05-01,Tag der Arbeit,DE-SN,true
2023-05-01,Tag der Arbeit,DE-ST,true
2023-05-01,Tag der Arbeit,DE-SH,true
2023-05-01,Tag der Arbeit,DE-TH,true
2023-05-18,Christi Himmelfahrt,DE-BW,true
2023-05-18,Christi Himmelfahrt,DE-BY,true
2023-05-18,Christi Himmelfahrt,DE-BE,true
2023-05-18,Christi Himmelfahrt,DE-BB,true
2023-05-18,Christi Himmelfahrt,DE-HB,true
2023-05-18,Christi Himmelfahrt,DE-HH,true
2023-05-18,Christi Himmelfahrt,DE-HE,true
2023-05-18,Christi Himmelfahrt,DE-MV,true
2023-05-18,Christi Himmelfahrt,DE-NI,true
2023-05-18,Christi Himmelfahrt,DE-NW,true
2023-05-18,Christi Himmelfahrt,DE-RP,true
2023-05-18,Christi Himmelfahrt,DE-SL,true
2023-05-18,Christi Himmelfahrt,DE-SN,true
2023-05-18,Christi Himmelfahrt,DE-ST,true
2023-05-18,Christi Himmelfahrt,DE-SH,true
2023-05-18,Christi Himmelfahrt,DE-TH,true
2023-05-29,Pfingstmontag,DE-BW,true
2023-05-29,Pfingstmontag,DE-BY,true
2023-05-29,Pfingstmontag,DE-BE,true
2023-05-29,Pfingstmontag,DE-BB,true
2023-05-29,Pfingstmontag,DE-HB,true
2023-05-29,Pfingstmontag,DE-HH,true
2023-05-29,Pfingstmontag,DE-HE,true
2023-05-29,Pfingstmontag,DE-MV,true
2023-05-29,Pfingstmontag,DE-NI,true
2023-05-29,Pfingstmontag,DE-NW,true
2023-05-29,Pfingstmontag,DE-RP,true
2023-05-29,Pfingstmontag,DE-SL,true
2023-05-29,Pfingstmontag,DE-SN,true
2023-05-29,Pfingstmontag,DE-ST,true
2023-05-29,Pfingstmontag,DE-SH,true
2023-05-29,Pfingstmontag,DE-TH,true
2023-10-03,Tag der Deutschen Einheit,DE-BW,true
2023-10-03,Tag der Deutschen Einheit,DE-BY,true
2023-10-03,Tag der Deutschen Einheit,DE-BE,true
2023-10-03,Tag der Deutschen Einheit,DE-BB,true
2023-10-03,Tag der Deutschen Einheit,DE-HB,true
2023-10-03,Tag der Deutschen Einheit,DE-HH,true
2023-10-03,Tag der Deutschen Einheit,DE-HE,true
2023-10-03,Tag der Deutschen Einheit,DE-MV,true
2023-10-03,Tag der Deutschen Einheit,DE-NI,true
2023-10-03,Tag der Deutschen Einheit,DE-NW,true
2023-10-03,Tag der Deutschen Einheit,DE-RP,true
2023-10-03,Tag der Deutschen Einheit,DE-SL,true
2023-10-03,Tag der Deutschen Einheit,DE-SN,true
2023-10-03,Tag der Deutschen Einheit,DE-ST,true
2023-10-03,Tag der Deutschen Einheit,DE-SH,true
2023-10-03,Tag der Deutschen Einheit,DE-TH,true
2023-12-25,1. Weihnachtsfeiertag,DE-BW,true
2023-12-25,1. Weihnachtsfeiertag,DE-BY,true
2023-12-25,1. Weihnachtsfeiertag,DE-BE,true
2023-12-25,1. Weihnachtsfeiertag,DE-BB,true
2023-12-25,1. Weihnachtsfeiertag,DE-HB,true
2023-12-25,1. Weihnachtsfeiertag,DE-HH,true
2023-12-25,1. Weihnachtsfeiertag,DE-HE,true
2023-12-25,1. Weihnachtsfeiertag,DE-MV,true
2023-12-25,1. Weihnachtsfeiertag,DE-NI,true
2023-12-25,1. Weihnachtsfeiertag,DE-NW,true
2023-12-25,1. Weihnachtsfeiertag,DE-RP,true
2023-12-25,1. Weihnachtsfeiertag,DE-SL,true
2023-12-25,1. Weihnachtsfeiertag,DE-SN,true
2023-12-25,1. Weihnachtsfeiertag,DE-ST,true
2023-12-25,1. Weihnachtsfeiertag,DE-SH,true
2023-12-25,1. Weihnachtsfeiertag,DE-TH,true
2023-12-26,2. Weihnachtsfeiertag,DE-BW,true
2023-12-26,2. Weihnachtsfeiertag,DE-BY,true
2023-12-26,2. Weihnachtsfeiertag,DE-BE,true
2023-12-26,2. Weihnachtsfeiertag,DE-BB,true
2023-12-26,2. Weihnachtsfeiertag,DE-HB,true
2023-12-26,2. Weihnachtsfeiertag,DE-HH,true
2023-12-26,2. Weihnachtsfeiertag,DE-HE,true
2023-12-26,2. Weihnachtsfeiertag,DE-MV,true
2023-12-26,2. Weihnachtsfeiertag,DE-NI,true
2023-12-26,2. Weihnachtsfeiertag,DE-NW,true
2023-12-26,2. Weihnachtsfeiertag,DE-RP,true
2023-12-26,2. Weihnachtsfeiertag,DE-SL,true
2023-12-26,2. Weihnachtsfeiertag,DE-SN,true
2023-12-26,2. Weihnachtsfeiertag,DE-ST,true
2023-12-26,2. Weihnachtsfeiertag,DE-SH,true
2023-12-26,2. Weihnachtsfeiertag,DE-TH,true
2023-01-06,Heilige Drei Könige,DE-BW,false
2023-01-06,Heilige Drei Könige,DE-BY,false
2023-01-06,Heilige Drei Könige,DE-ST,false
2023-06-08,Fronleichnam,DE-BW,false
2023-06-08,Fronleichnam,DE-BY,false
2023-06-08,Fronleichnam,DE-HE,false
2023-06-08,Fronleichnam,DE-NW,false
2023-06-08,Fronleichnam,DE-RP,false
2023-06-08,Fronleichnam,DE-SL,false
2023-08-15,Mariä Himmelfahrt,DE-BY,false
2023-08-15,Mariä Himmelfahrt,DE-SL,false
2023-09-20,Weltkindertag,DE-TH,false
2023-10-31,Reformationstag,DE-BB,false
2023-10-31,Reformationstag,DE-HB,false
2023-10-31,Reformationstag,DE-HH,false
2023-10-31,Reformationstag,DE-MV,false
2023-10-31,Reformationstag,DE-NI,false
2023-10-31,Reformationstag,DE-SN,false
2023-10-31,Reformationstag,DE-ST,false
2023-10-31,Reformationstag,DE-SH,false
2023-10-31,Reformationstag,DE-TH,false
2023-11-01,Allerheiligen,DE-BW,false
2023-11-01,Allerheiligen,DE-BY,false
2023-11-01,Allerheiligen,DE-NW,false
2023-11-01,Allerheiligen,DE-RP,false
2023-11-01,Allerheiligen,DE-SL,false
2023-11-22,Buß- und Bettag,DE-SN,false
2023-03-08,Internationaler Frauentag,DE-BE,false
2023-03-08,Internationaler Frauentag,DE-MV,false
2024-01-01,Neujahr,DE-BW,true
2024-01-01,Neujahr,DE-BY,true
2024-01-01,Neujahr,DE-BE,true
2024-01-01,Neujahr,DE-BB,true
2024-01-01,Neujahr,DE-HB,true
2024-01-01,Neujahr,DE-HH,true
2024-01-01,Neujahr,DE-HE,true
2024-01-01,Neujahr,DE-MV,true
2024-01-01,Neujahr,DE-NI,true
2024-01-01,Neujahr,DE-NW,true
2024-01-01,Neujahr,DE-RP,true
2024-01-01,Neujahr,DE-SL,true
2024-01-01,Neujahr,DE-SN,true
2024-01-01,Neujahr,DE-ST,true
2024-01-01,Neujahr,DE-SH,true
2024-01-01,Neujahr,DE-TH,true
2024-03-29,Karfreitag,DE-BW,true
2024-03-29,Karfreitag,DE-BY,true
2024-03-29,Karfreitag,DE-BE,true
2024-03-29,Karfreitag,DE-BB,true
2024-03-29,Karfreitag,DE-HB,true
2024-03-29,Karfreitag,DE-HH,true
2024-03-29,Karfreitag,DE-HE,true
2024-03-29,Karfreitag,DE-MV,true
2024-03-29,Karfreitag,DE-NI,true
2024-03-29,Karfreitag,DE-NW,true
2024-03-29,Karfreitag,DE-RP,true
2024-03-29,Karfreitag,DE-SL,true
2024-03-29,Karfreitag,DE-SN,true
2024-03-29,Karfreitag,DE-ST,true
2024-03-29,Karfreitag,DE-SH,true
2024-03-29,Karfreitag,DE-TH,true
2024-04-01,Ostermontag,DE-BW,true
2024-04-01,Ostermontag,DE-BY,true
2024-04-01,Ostermontag,DE-BE,true
2024-04-01,Ostermontag,DE-BB,true
2024-04-01,Ostermontag,DE-HB,true
2024-04-01,Ostermontag,DE-HH,true
2024-04-01,Ostermontag,DE-HE,true
2024-04-01,Ostermontag,DE-MV,true
2024-04-01,Ostermontag,DE-NI,true
2024-04-01,Ostermontag,DE-NW,true
2024-04-01,Ostermontag,DE-RP,true
2024-04-01,Ostermontag,DE-SL,true
2024-04-01,Ostermontag,DE-SN,true
2024-04-01,Ostermontag,DE-ST,true
2024-04-01,Ostermontag,DE-SH,true
2024-04-01,Ostermontag,DE-TH,true
2024-05-01,Tag der Arbeit,DE-BW,true
2024-05-01,Tag der Arbeit,DE-BY,true
2024-05-01,Tag der Arbeit,DE-BE,true
2024-05-01,Tag der Arbeit,DE-BB,true
2024-05-01,Tag der Arbeit,DE-HB,true
2024-05-01,Tag der Arbeit,DE-HH,true
2024-05-01,Tag der Arbeit,DE-HE,true
2024-05-01,Tag der Arbeit,DE-MV,true
2024-05-01,Tag der Arbeit,DE-NI,true
2024-05-01,Tag der Arbeit,DE-NW,true
2024-05-01,Tag der Arbeit,DE-RP,true
2024-05-01,Tag der Arbeit,DE-SL,true
2024-05-01,Tag der Arbeit,DE-SN,true
2024-05-01,Tag der Arbeit,DE-ST,true
2024-05-01,Tag der Arbeit,DE-SH,true
2024-05-01,Tag der Arbeit,DE-TH,true
2024-05-09,Christi Himmelfahrt,DE-BW,true
2024-05-09,Christi Himmelfahrt,DE-BY,true
2024-05-09,Christi Himmelfahrt,DE-BE,true
2024-05-09,Christi Himmelfahrt,DE-BB,true
2024-05-09,Christi Himmelfahrt,DE-HB,true
2024-05-09,Christi Himmelfahrt,DE-HH,true
2024-05-09,Christi Himmelfahrt,DE-HE,true
2024-05-09,Christi Himmelfahrt,DE-MV,true
2024-05-09,Christi Himmelfahrt,DE-NI,true
2024-05-09,Christi Himmelfahrt,DE-NW,true
2024-05-09,Christi Himmelfahrt,DE-RP,true
2024-05-09,Christi Himmelfahrt,DE-SL,true
2024-05-09,Christi Himmelfahrt,DE-SN,true
2024-05-09,Christi Himmelfahrt,DE-ST,true
2024-05-09,Christi Himmelfahrt,DE-SH,true
2024-05-09,Christi Himmelfahrt,DE-TH,true
2024-05-20,Pfingstmontag,DE-BW,true
2024-05-20,Pfingstmontag,DE-BY,true
2024-05-20,Pfingstmontag,DE-BE,true
2024-05-20,Pfingstmontag,DE-BB,true
2024-05-20,Pfingstmontag,DE-HB,true
2024-05-20,Pfingstmontag,DE-HH,true
2024-05-20,Pfingstmontag,DE-HE,true
2024-05-20,Pfingstmontag,DE-MV,true
2024-05-20,Pfingstmontag,DE-NI,true
2024-05-20,Pfingstmontag,DE-NW,true
2024-05-20,Pfingstmontag,DE-RP,true
2024-05-20,Pfingstmontag,DE-SL,true
2024-05-20,Pfingstmontag,DE-SN,true
2024-05-20,Pfingstmontag,DE-ST,true
2024-05-20,Pfingstmontag,DE-SH,true
2024-05-20,Pfingstmontag,DE-TH,true
2024-10-03,Tag der Deutschen Einheit,DE-BW,true
2024-10-03,Tag der Deutschen Einheit,DE-BY,true
2024-10-03,Tag der Deutschen Einheit,DE-BE,true
2024-10-03,Tag der Deutschen Einheit,DE-BB,true
2024-10-03,Tag der Deutschen Einheit,DE-HB,true
2024-10-03,Tag der Deutschen Einheit,DE-HH,true
2024-10-03,Tag der Deutschen Einheit,DE-HE,true
2024-10-03,Tag der Deutschen Einheit,DE-MV,true
2024-10-03,Tag der Deutschen Einheit,DE-NI,true
2024-10-03,Tag der Deutschen Einheit,DE-NW,true
2024-10-03,Tag der Deutschen Einheit,DE-RP,true
2024-10-03,Tag der Deutschen Einheit,DE-SL,true
2024-10-03,Tag der Deutschen Einheit,DE-SN,true
2024-10-03,Tag der Deutschen Einheit,DE-ST,true
2024-10-03,Tag der Deutschen Einheit,DE-SH,true
2024-10-03,Tag der Deutschen Einheit,DE-TH,true
2024-12-25,1. Weihnachtsfeiertag,DE-BW,true
2024-12-25,1. Weihnachtsfeiertag,DE-BY,true
2024-12-25,1. Weihnachtsfeiertag,DE-BE,true
2024-12-25,1. Weihnachtsfeiertag,DE-BB,true
2024-12-25,1. Weihnachtsfeiertag,DE-HB,true
2024-12-25,1. Weihnachtsfeiertag,DE-HH,true
2024-12-25,1. Weihnachtsfeiertag,DE-HE,true
2024-12-25,1. Weihnachtsfeiertag,DE-MV,true
2024-12-25,1. Weihnachtsfeiertag,DE-NI,true
2024-12-25,1. Weihnachtsfeiertag,DE-NW,true
2024-12-25,1. Weihnachtsfeiertag,DE-RP,true
2024-12-25,1. Weihnachtsfeiertag,DE-SL,true
2024-12-25,1. Weihnachtsfeiertag,DE-SN,true
2024-12-25,1. Weihnachtsfeiertag,DE-ST,true
2024-12-25,1. Weihnachtsfeiertag,DE-SH,true
2024-12-25,1. Weihnachtsfeiertag,DE-TH,true
2024-12-26,2. Weihnachtsfeiertag,DE-BW,true
2024-12-26,2. Weihnachtsfeiertag,DE-BY,true
2024-12-26,2. Weihnachtsfeiertag,DE-BE,true
2024-12-26,2. Weihnachtsfeiertag,DE-BB,true
2024-12-26,2. Weihnachtsfeiertag,DE-HB,true
2024-12-26,2. Weihnachtsfeiertag,DE-HH,true
2024-12-26,2. Weihnachtsfeiertag,DE-HE,true
2024-12-26,2. Weihnachtsfeiertag,DE-MV,true
2024-12-26,2. Weihnachtsfeiertag,DE-NI,true
2024-12-26,2. Weihnachtsfeiertag,DE-NW,true
2024-12-26,2. Weihnachtsfeiertag,DE-RP,true
2024-12-26,2. Weihnachtsfeiertag,DE-SL,true
2024-12-26,2. Weihnachtsfeiertag,DE-SN,true
2024-12-26,2. Weihnachtsfeiertag,DE-ST,true
2024-12-26,2. Weihnachtsfeiertag,DE-SH,true
2024-12-26,2. Weihnachtsfeiertag,DE-TH,true
2024-01-06,Heilige Drei Könige,DE-BW,false
2024-01-06,Heilige Drei Könige,DE-BY,false
2024-01-06,Heilige Drei Könige,DE-ST,false
2024-05-30,Fronleichnam,DE-BW,false
2024-05-30,Fronleichnam,DE-BY,false
2024-05-30,Fronleichnam,DE-HE,false
2024-05-30,Fronleichnam,DE-NW,false
2024-05-30,Fronleichnam,DE-RP,false
2024-05-30,Fronleichnam,DE-SL,false
2024-08-15,Mariä Himmelfahrt,DE-BY,false
2024-08-15,Mariä Himmelfahrt,DE-SL,false
2024-09-20,Weltkindertag,DE-TH,false
2024-10-31,Reformationstag,DE-BB,false
2024-10-31,Reformationstag,DE-HB,false
2024-10-31,Reformationstag,DE-HH,false
2024-10-31,Reformationstag,DE-MV,false
2024-10-31,Reformationstag,DE-NI,false
2024-10-31,Reformationstag,DE-SN,false
2024-10-31,Reformationstag,DE-ST,false
2024-10-31,Reformationstag,DE-SH,false
2024-10-31,Reformationstag,DE-TH,false
2024-11-01,Allerheiligen,DE-BW,false
2024-11-01,Allerheiligen,DE-BY,false
2024-11-01,Allerheiligen,DE-NW,false
2024-11-01,Allerheiligen,DE-RP,false
2024-11-01,Allerheiligen,DE-SL,false
2024-11-20,Buß- und Bettag,DE-SN,false
2024-03-08,Internationaler Frauentag,DE-BE,false
2024-03-08,Internationaler Frauentag,DE-MV,false
2025-01-01,Neujahr,DE-BW,true
2025-01-01,Neujahr,DE-BY,true
2025-01-01,Neujahr,DE-BE,true
2025-01-01,Neujahr,DE-BB,true
2025-01-01,Neujahr,DE-HB,true
2025-01-01,Neujahr,DE-HH,true
2025-01-01,Neujahr,DE-HE,true
2025-01-01,Neujahr,DE-MV,true
2025-01-01,Neujahr,DE-NI,true
2025-01-01,Neujahr,DE-NW,true
2025-01-01,Neujahr,DE-RP,true
2025-01-01,Neujahr,DE-SL,true
2025-01-01,Neujahr,DE-SN,true
2025-01-01,Neujahr,DE-ST,true
2025-01-01,Neujahr,DE-SH,true
2025-01-01,Neujahr,DE-TH,true
2025-04-18,Karfreitag,DE-BW,true
2025-04-18,Karfreitag,DE-BY,true
2025-04-18,Karfreitag,DE-BE,true
2025-04-18,Karfreitag,DE-BB,true
2025-04-18,Karfreitag,DE-HB,true
2025-04-18,Karfreitag,DE-HH,true
2025-04-18,Karfreitag,DE-HE,true
2025-04-18,Karfreitag,DE-MV,true
2025-04-18,Karfreitag,DE-NI,true
2025-04-18,Karfreitag,DE-NW,true
2025-04-18,Karfreitag,DE-RP,true
2025-04-18,Karfreitag,DE-SL,true
2025-04-18,Karfreitag,DE-SN,true
2025-04-18,Karfreitag,DE-ST,true
2025-04-18,Karfreitag,DE-SH,true
2025-04-18,Karfreitag,DE-TH,true
2025-04-21,Ostermontag,DE-BW,true
2025-04-21,Ostermontag,DE-BY,true
2025-04-21,Ostermontag,DE-BE,true
2025-04-21,Ostermontag,DE-BB,true
2025-04-21,Ostermontag,DE-HB,true
2025-04-21,Ostermontag,DE-HH,true
2025-04-21,Ostermontag,DE-HE,true
2025-04-21,Ostermontag,DE-MV,true
2025-04-21,Ostermontag,DE-NI,true
2025-04-21,Ostermontag,DE-NW,true
2025-04-21,Ostermontag,DE-RP,true
2025-04-21,Ostermontag,DE-SL,true
2025-04-21,Ostermontag,DE-SN,true
2025-04-21,Ostermontag,DE-ST,true
2025-04-21,Ostermontag,DE-SH,true
2025-04-21,Ostermontag,DE-TH,true
2025-05-01,Tag der Arbeit,DE-BW,true
2025-05-01,Tag der Arbeit,DE-BY,true
2025-05-01,Tag der Arbeit,DE-BE,true
2025-05-01,Tag der Arbeit,DE-BB,true
2025-05-01,Tag der Arbeit,DE-HB,true
2025-05-01,Tag der Arbeit,DE-HH,true
2025-05-01,Tag der Arbeit,DE-HE,true
2025-05-01,Tag der Arbeit,DE-MV,true
2025-05-01,Tag der Arbeit,DE-NI,true
2025-05-01,Tag der Arbeit,DE-NW,true
2025-05-01,Tag der Arbeit,DE-RP,true
2025-05-01,Tag der Arbeit,DE-SL,true
2025-05-01,Tag der Arbeit,DE-SN,true
2025-05-01,Tag der Arbeit,DE-ST,true
2025-05-01,Tag der Arbeit,DE-SH,true
2025-05-01,Tag der Arbeit,DE-TH,true
2025-05-29,Christi Himmelfahrt,DE-BW,true
2025-05-29,Christi Himmelfahrt,DE-BY,true
2025-05-29,Christi Himmelfahrt,DE-BE,true
2025-05-29,Christi Himmelfahrt,DE-BB,true
2025-05-29,Christi Himmelfahrt,DE-HB,true
2025-05-29,Christi Himmelfahrt,DE-HH,true
2025-05-29,Christi Himmelfahrt,DE-HE,true
2025-05-29,Christi Himmelfahrt,DE-MV,true
2025-05-29,Christi Himmelfahrt,DE-NI,true
2025-05-29,Christi Himmelfahrt,DE-NW,true
2025-05-29,Christi Himmelfahrt,DE-RP,true
2025-05-29,Christi Himmelfahrt,DE-SL,true
2025-05-29,Christi Himmelfahrt,DE-SN,true
2025-05-29,Christi Himmelfahrt,DE-ST,true
2025-05-29,Christi Himmelfahrt,DE-SH,true
2025-05-29,Christi Himmelfahrt,DE-TH,true
2025-06-09,Pfingstmontag,DE-BW,true
2025-06-09,Pfingstmontag,DE-BY,true
2025-06-09,Pfingstmontag,DE-BE,true
2025-06-09,Pfingstmontag,DE-BB,true
2025-06-09,Pfingstmontag,DE-HB,true
2025-06-09,Pfingstmontag,DE-HH,true
2025-06-09,Pfingstmontag,DE-HE,true
2025-06-09,Pfingstmontag,DE-MV,true
2025-06-09,Pfingstmontag,DE-NI,true
2025-06-09,Pfingstmontag,DE-NW,true
2025-06-09,Pfingstmontag,DE-RP,true
2025-06-09,Pfingstmontag,DE-SL,true
2025-06-09,Pfingstmontag,DE-SN,true
2025-06-09,Pfingstmontag,DE-ST,true
2025-06-09,Pfingstmontag,DE-SH,true
2025-06-09,Pfingstmontag,DE-TH,true
2025-10-03,Tag der Deutschen Einheit,DE-BW,true
2025-10-03,Tag der Deutschen Einheit,DE-BY,true
2025-10-03,Tag der Deutschen Einheit,DE-BE,true
2025-10-03,Tag der Deutschen Einheit,DE-BB,true
2025-10-03,Tag der Deutschen Einheit,DE-HB,true
2025-10-03,Tag der Deutschen Einheit,DE-HH,true
2025-10-03,Tag der Deutschen Einheit,DE-HE,true
2025-10-03,Tag der Deutschen Einheit,DE-MV,true
2025-10-03,Tag der Deutschen Einheit,DE-NI,true
2025-10-03,Tag der Deutschen Einheit,DE-NW,true
2025-10-03,Tag der Deutschen Einheit,DE-RP,true
2025-10-03,Tag der Deutschen Einheit,DE-SL,true
2025-10-03,Tag der Deutschen Einheit,DE-SN,true
2025-10-03,Tag der Deutschen Einheit,DE-ST,true
2025-10-03,Tag der Deutschen Einheit,DE-SH,true
2025-10-03,Tag der Deutschen Einheit,DE-TH,true
2025-12-25,1. Weihnachtsfeiertag,DE-BW,true
2025-12-25,1. Weihnachtsfeiertag,DE-BY,true
2025-12-25,1. Weihnachtsfeiertag,DE-BE,true
2025-12-25,1. Weihnachtsfeiertag,DE-BB,true
2025-12-25,1. Weihnachtsfeiertag,DE-HB,true
2025-12-25,1. Weihnachtsfeiertag,DE-HH,true
2025-12-25,1. Weihnachtsfeiertag,DE-HE,true
2025-12-25,1. Weihnachtsfeiertag,DE-MV,true
2025-12-25,1. Weihnachtsfeiertag,DE-NI,true
2025-12-25,1. Weihnachtsfeiertag,DE-NW,true
2025-12-25,1. Weihnachtsfeiertag,DE-RP,true
2025-12-25,1. Weihnachtsfeiertag,DE-SL,true
2025-12-25,1. Weihnachtsfeiertag,DE-SN,true
2025-12-25,1. Weihnachtsfeiertag,DE-ST,true
2025-12-25,1. Weihnachtsfeiertag,DE-SH,true
2025-12-25,1. Weihnachtsfeiertag,DE-TH,true
2025-12-26,2. Weihnachtsfeiertag,DE-BW,true
2025-12-26,2. Weihnachtsfeiertag,DE-BY,true
2025-12-26,2. Weihnachtsfeiertag,DE-BE,true
2025-12-26,2. Weihnachtsfeiertag,DE-BB,true
2025-12-26,2. Weihnachtsfeiertag,DE-HB,true
2025-12-26,2. Weihnachtsfeiertag,DE-HH,true
2025-12-26,2. Weihnachtsfeiertag,DE-HE,true
2025-12-26,2. Weihnachtsfeiertag,DE-MV,true
2025-12-26,2. Weihnachtsfeiertag,DE-NI,true
2025-12-26,2. Weihnachtsfeiertag,DE-NW,true
2025-12-26,2. Weihnachtsfeiertag,DE-RP,true
2025-12-26,2. Weihnachtsfeiertag,DE-SL,true
2025-12-26,2. Weihnachtsfeiertag,DE-SN,true
2025-12-26,2. Weihnachtsfeiertag,DE-ST,true
2025-12-26,2. Weihnachtsfeiertag,DE-SH,true
2025-12-26,2. Weihnachtsfeiertag,DE-TH,true
2025-01-06,Heilige Drei Könige,DE-BW,false
2025-01-06,Heilige Drei Könige,DE-BY,false
2025-01-06,Heilige Drei Könige,DE-ST,false
2025-06-19,Fronleichnam,DE-BW,false
2025-06-19,Fronleichnam,DE-BY,false
2025-06-19,Fronleichnam,DE-HE,false
2025-06-19,Fronleichnam,DE-NW,false
2025-06-19,Fronleichnam,DE-RP,false
2025-06-19,Fronleichnam,DE-SL,false
2025-08-15,Mariä Himmelfahrt,DE-BY,false
2025-08-15,Mariä Himmelfahrt,DE-SL,false
2025-09-20,Weltkindertag,DE-TH,false
2025-10-31,Reformationstag,DE-BB,false
2025-10-31,Reformationstag,DE-HB,false
2025-10-31,Reformationstag,DE-HH,false
2025-10-31,Reformationstag,DE-MV,false
2025-10-31,Reformationstag,DE-NI,false
2025-10-31,Reformationstag,DE-SN,false
2025-10-31,Reformationstag,DE-ST,false
2025-10-31,Reformationstag,DE-SH,false
2025-10-31,Reformationstag,DE-TH,false
2025-11-01,Allerheiligen,DE-BW,false
2025-11-01,Allerheiligen,DE-BY,false
2025-11-01,Allerheiligen,DE-NW,false
2025-11-01,Allerheiligen,DE-RP,false
2025-11-01,Allerheiligen,DE-SL,false
2025-11-19,Buß- und Bettag,DE-SN,false
2025-03-08,Internationaler Frauentag,DE-BE,false
2025-03-08,Internationaler Frauentag,DE-MV,false
2026-01-01,Neujahr,DE-BW,true
2026-01-01,Neujahr,DE-BY,true
2026-01-01,Neujahr,DE-BE,true
2026-01-01,Neujahr,DE-BB,true
2026-01-01,Neujahr,DE-HB,true
2026-01-01,Neujahr,DE-HH,true
2026-01-01,Neujahr,DE-HE,true
2026-01-01,Neujahr,DE-MV,true
2026-01-01,Neujahr,DE-NI,true
2026-01-01,Neujahr,DE-NW,true
2026-01-01,Neujahr,DE-RP,true
2026-01-01,Neujahr,DE-SL,true
2026-01-01,Neujahr,DE-SN,true
2026-01-01,Neujahr,DE-ST,true
2026-01-01,Neujahr,DE-SH,true
2026-01-01,Neujahr,DE-TH,true
2026-04-03,Karfreitag,DE-BW,true
2026-04-03,Karfreitag,DE-BY,true
2026-04-03,Karfreitag,DE-BE,true
2026-04-03,Karfreitag,DE-BB,true
2026-04-03,Karfreitag,DE-HB,true
2026-04-03,Karfreitag,DE-HH,true
2026-04-03,Karfreitag,DE-HE,true
2026-04-03,Karfreitag,DE-MV,true
2026-04-03,Karfreitag,DE-NI,true
2026-04-03,Karfreitag,DE-NW,true
2026-04-03,Karfreitag,DE-RP,true
2026-04-03,Karfreitag,DE-SL,true
2026-04-03,Karfreitag,DE-SN,true
2026-04-03,Karfreitag,DE-ST,true
2026-04-03,Karfreitag,DE-SH,true
2026-04-03,Karfreitag,DE-TH,true
2026-04-06,Ostermontag,DE-BW,true
2026-04-06,Ostermontag,DE-BY,true
2026-04-06,Ostermontag,DE-BE,true
2026-04-06,Ostermontag,DE-BB,true
2026-04-06,Ostermontag,DE-HB,true
2026-04-06,Ostermontag,DE-HH,true
2026-04-06,Ostermontag,DE-HE,true
2026-04-06,Ostermontag,DE-MV,true
2026-04-06,Ostermontag,DE-NI,true
2026-04-06,Ostermontag,DE-NW,true
2026-04-06,Ostermontag,DE-RP,true
2026-04-06,Ostermontag,DE-SL,true
2026-04-06,Ostermontag,DE-SN,true
2026-04-06,Ostermontag,DE-ST,true
2026-04-06,Ostermontag,DE-SH,true
2026-04-06,Ostermontag,DE-TH,true
2026-05-01,Tag der Arbeit,DE-BW,true
2026-05-01,Tag der Arbeit,DE-BY,true
2026-05-01,Tag der Arbeit,DE-BE,true
2026-05-01,Tag der Arbeit,DE-BB,true
2026-05-01,Tag der Arbeit,DE-HB,true
2026-05-01,Tag der Arbeit,DE-HH,true
2026-05-01,Tag der Arbeit,DE-HE,true
2026-05-01,Tag der Arbeit,DE-MV,true
2026-05-01,Tag der Arbeit,DE-NI,true
2026-05-01,Tag der Arbeit,DE-NW,true
2026-05-01,Tag der Arbeit,DE-RP,true
2026-05-01,Tag der Arbeit,DE-SL,true
2026-05-01,Tag der Arbeit,DE-SN,true
2026-05-01,Tag der Arbeit,DE-ST,true
2026-05-01,Tag der Arbeit,DE-SH,true
2026-05-01,Tag der Arbeit,DE-TH,true
2026-05-14,Christi Himmelfahrt,DE-BW,true
2026-05-14,Christi Himmelfahrt,DE-BY,true
2026-05-14,Christi Himmelfahrt,DE-BE,true
2026-05-14,Christi Himmelfahrt,DE-BB,true
2026-05-14,Christi Himmelfahrt,DE-HB,true
2026-05-14,Christi Himmelfahrt,DE-HH,true
2026-05-14,Christi Himmelfahrt,DE-HE,true
2026-05-14,Christi Himmelfahrt,DE-MV,true
2026-05-14,Christi Himmelfahrt,DE-NI,true
2026-05-14,Christi Himmelfahrt,DE-NW,true
2026-05-14,Christi Himmelfahrt,DE-RP,true
2026-05-14,Christi Himmelfahrt,DE-SL,true
2026-05-14,Christi Himmelfahrt,DE-SN,true
2026-05-14,Christi Himmelfahrt,DE-ST,true
2026-05-14,Christi Himmelfahrt,DE-SH,true
2026-05-14,Christi Himmelfahrt,DE-TH,true
2026-05-25,Pfingstmontag,DE-BW,true
2026-05-25,Pfingstmontag,DE-BY,true
2026-05-25,Pfingstmontag,DE-BE,true
2026-05-25,Pfingstmontag,DE-BB,true
2026-05-25,Pfingstmontag,DE-HB,true
2026-05-25,Pfingstmontag,DE-HH,true
2026-05-25,Pfingstmontag,DE-HE,true
2026-05-25,Pfingstmontag,DE-MV,true
2026-05-25,Pfingstmontag,DE-NI,true
2026-05-25,Pfingstmontag,DE-NW,true
2026-05-25,Pfingstmontag,DE-RP,true
2026-05-25,Pfingstmontag,DE-SL,true
2026-05-25,Pfingstmontag,DE-SN,true
2026-05-25,Pfingstmontag,DE-ST,true
2026-05-25,Pfingstmontag,DE-SH,true
2026-05-25,Pfingstmontag,DE-TH,true
2026-10-03,Tag der Deutschen Einheit,DE-BW,true
2026-10-03,Tag der Deutschen Einheit,DE-BY,true
2026-10-03,Tag der Deutschen Einheit,DE-BE,true
2026-10-03,Tag der Deutschen Einheit,DE-BB,true
2026-10-03,Tag der Deutschen Einheit,DE-HB,true
2026-10-03,Tag der Deutschen Einheit,DE-HH,true
2026-10-03,Tag der Deutschen Einheit,DE-HE,true
2026-10-03,Tag der Deutschen Einheit,DE-MV,true
2026-10-03,Tag der Deutschen Einheit,DE-NI,true
2026-10-03,Tag der Deutschen Einheit,DE-NW,true
2026-10-03,Tag der Deutschen Einheit,DE-RP,true
2026-10-03,Tag der Deutschen Einheit,DE-SL,true
2026-10-03,Tag der Deutschen Einheit,DE-SN,true
2026-10-03,Tag der Deutschen Einheit,DE-ST,true
2026-10-03,Tag der Deutschen Einheit,DE-SH,true
2026-10-03,Tag der Deutschen Einheit,DE-TH,true
2026-12-25,1. Weihnachtsfeiertag,DE-BW,true
2026-12-25,1. Weihnachtsfeiertag,DE-BY,true
2026-12-25,1. Weihnachtsfeiertag,DE-BE,true
2026-12-25,1. Weihnachtsfeiertag,DE-BB,true
2026-12-25,1. Weihnachtsfeiertag,DE-HB,true
2026-12-25,1. Weihnachtsfeiertag,DE-HH,true
2026-12-25,1. Weihnachtsfeiertag,DE-HE,true
2026-12-25,1. Weihnachtsfeiertag,DE-MV,true
2026-12-25,1. Weihnachtsfeiertag,DE-NI,true
2026-12-25,1. Weihnachtsfeiertag,DE-NW,true
2026-12-25,1. Weihnachtsfeiertag,DE-RP,true
2026-12-25,1. Weihnachtsfeiertag,DE-SL,true
2026-12-25,1. Weihnachtsfeiertag,DE-SN,true
2026-12-25,1. Weihnachtsfeiertag,DE-ST,true
2026-12-25,1. Weihnachtsfeiertag,DE-SH,true
2026-12-25,1. Weihnachtsfeiertag,DE-TH,true
2026-12-26,2. Weihnachtsfeiertag,DE-BW,true
2026-12-26,2. Weihnachtsfeiertag,DE-BY,true
2026-12-26,2. Weihnachtsfeiertag,DE-BE,true
2026-12-26,2. Weihnachtsfeiertag,DE-BB,true
2026-12-26,2. Weihnachtsfeiertag,DE-HB,true
2026-12-26,2. Weihnachtsfeiertag,DE-HH,true
2026-12-26,2. Weihnachtsfeiertag,DE-HE,true
2026-12-26,2. Weihnachtsfeiertag,DE-MV,true
2026-12-26,2. Weihnachtsfeiertag,DE-NI,true
2026-12-26,2. Weihnachtsfeiertag,DE-NW,true
2026-12-26,2. Weihnachtsfeiertag,DE-RP,true
2026-12-26,2. Weihnachtsfeiertag,DE-SL,true
2026-12-26,2. Weihnachtsfeiertag,DE-SN,true
2026-12-26,2. Weihnachtsfeiertag,DE-ST,true
2026-12-26,2. Weihnachtsfeiertag,DE-SH,true
2026-12-26,2. Weihnachtsfeiertag,DE-TH,true
2026-01-06,Heilige Drei Könige,DE-BW,false
2026-01-06,Heilige Drei Könige,DE-BY,false
2026-01-06,Heilige Drei Könige,DE-ST,false
2026-06-04,Fronleichnam,DE-BW,false
2026-06-04,Fronleichnam,DE-BY,false
2026-06-04,Fronleichnam,DE-HE,false
2026-06-04,Fronleichnam,DE-NW,false
2026-06-04,Fronleichnam,DE-RP,false
2026-06-04,Fronleichnam,DE-SL,false
2026-08-15,Mariä Himmelfahrt,DE-BY,false
2026-08-15,Mariä Himmelfahrt,DE-SL,false
2026-09-20,Weltkindertag,DE-TH,false
2026-10-31,Reformationstag,DE-BB,false
2026-10-31,Reformationstag,DE-HB,false
2026-10-31,Reformationstag,DE-HH,false
2026-10-31,Reformationstag,DE-MV,false
2026-10-31,Reformationstag,DE-NI,false
2026-10-31,Reformationstag,DE-SN,false
2026-10-31,Reformationstag,DE-ST,false
2026-10-31,Reformationstag,DE-SH,false
2026-10-31,Reformationstag,DE-TH,false
2026-11-01,Allerheiligen,DE-BW,false
2026-11-01,Allerheiligen,DE-BY,false
2026-11-01,Allerheiligen,DE-NW,false
2026-11-01,Allerheiligen,DE-RP,false
2026-11-01,Allerheiligen,DE-SL,false
2026-11-18,Buß- und Bettag,DE-SN,false
2026-03-08,Internationaler Frauentag,DE-BE,false
2026-03-08,Internationaler Frauentag,DE-MV,false
2027-01-01,Neujahr,DE-BW,true
2027-01-01,Neujahr,DE-BY,true
2027-01-01,Neujahr,DE-BE,true
2027-01-01,Neujahr,DE-BB,true
2027-01-01,Neujahr,DE-HB,true
2027-01-01,Neujahr,DE-HH,true
2027-01-01,Neujahr,DE-HE,true
2027-01-01,Neujahr,DE-MV,true
2027-01-01,Neujahr,DE-NI,true
2027-01-01,Neujahr,DE-NW,true
2027-01-01,Neujahr,DE-RP,true
2027-01-01,Neujahr,DE-SL,true
2027-01-01,Neujahr,DE-SN,true
2027-01-01,Neujahr,DE-ST,true
2027-01-01,Neujahr,DE-SH,true
2027-01-01,Neujahr,DE-TH,true
2027-03-26,Karfreitag,DE-BW,true
2027-03-26,Karfreitag,DE-BY,true
2027-03-26,Karfreitag,DE-BE,true
2027-03-26,Karfreitag,DE-BB,true
2027-03-26,Karfreitag,DE-HB,true
2027-03-26,Karfreitag,DE-HH,true
2027-03-26,Karfreitag,DE-HE,true
2027-03-26,Karfreitag,DE-MV,true
2027-03-26,Karfreitag,DE-NI,true
2027-03-26,Karfreitag,DE-NW,true
2027-03-26,Karfreitag,DE-RP,true
2027-03-26,Karfreitag,DE-SL,true
2027-03-26,Karfreitag,DE-SN,true
2027-03-26,Karfreitag,DE-ST,true
2027-03-26,Karfreitag,DE-SH,true
2027-03-26,Karfreitag,DE-TH,true
2027-03-29,Ostermontag,DE-BW,true
2027-03-29,Ostermontag,DE-BY,true
2027-03-29,Ostermontag,DE-BE,true
2027-03-29,Ostermontag,DE-BB,true
2027-03-29,Ostermontag,DE-HB,true
2027-03-29,Ostermontag,DE-HH,true
2027-03-29,Ostermontag,DE-HE,true
2027-03-29,Ostermontag,DE-MV,true
2027-03-29,Ostermontag,DE-NI,true
2027-03-29,Ostermontag,DE-NW,true
2027-03-29,Ostermontag,DE-RP,true
2027-03-29,Ostermontag,DE-SL,true
2027-03-29,Ostermontag,DE-SN,true
2027-03-29,Ostermontag,DE-ST,true
2027-03-29,Ostermontag,DE-SH,true
2027-03-29,Ostermontag,DE-TH,true
2027-05-01,Tag der Arbeit,DE-BW,true
2027-05-01,Tag der Arbeit,DE-BY,true
2027-05-01,Tag der Arbeit,DE-BE,true
2027-05-01,Tag der Arbeit,DE-BB,true
2027-05-01,Tag der Arbeit,DE-HB,true
2027-05-01,Tag der Arbeit,DE-HH,true
2027-05-01,Tag der Arbeit,DE-HE,true
2027-05-01,Tag der Arbeit,DE-MV,true
2027-05-01,Tag der Arbeit,DE-NI,true
2027-05-01,Tag der Arbeit,DE-NW,true
2027-05-01,Tag der Arbeit,DE-RP,true
2027-05-01,Tag der Arbeit,DE-SL,true
2027-05-01,Tag der Arbeit,DE-SN,true
2027-05-01,Tag der Arbeit,DE-ST,true
2027-05-01,Tag der Arbeit,DE-SH,true
2027-05-01,Tag der Arbeit,DE-TH,true
2027-05-06,Christi Himmelfahrt,DE-BW,true
2027-05-06,Christi Himmelfahrt,DE-BY,true
2027-05-06,Christi Himmelfahrt,DE-BE,true
2027-05-06,Christi Himmelfahrt,DE-BB,true
2027-05-06,Christi Himmelfahrt,DE-HB,true
2027-05-06,Christi Himmelfahrt,DE-HH,true
2027-05-06,Christi Himmelfahrt,DE-HE,true
2027-05-06,Christi Himmelfahrt,DE-MV,true
2027-05-06,Christi Himmelfahrt,DE-NI,true
2027-05-06,Christi Himmelfahrt,DE-NW,true
2027-05-06,Christi Himmelfahrt,DE-RP,true
2027-05-06,Christi Himmelfahrt,DE-SL,true
2027-05-06,Christi Himmelfahrt,DE-SN,true
2027-05-06,Christi Himmelfahrt,DE-ST,true
2027-05-06,Christi Himmelfahrt,DE-SH,true
2027-05-06,Christi Himmelfahrt,DE-TH,true
2027-05-17,Pfingstmontag,DE-BW,true
2027-05-17,Pfingstmontag,DE-BY,true
2027-05-17,Pfingstmontag,DE-BE,true
2027-05-17,Pfingstmontag,DE-BB,true
2027-05-17,Pfingstmontag,DE-HB,true
2027-05-17,Pfingstmontag,DE-HH,true
2027-05-17,Pfingstmontag,DE-HE,true
2027-05-17,Pfingstmontag,DE-MV,true
2027-05-17,Pfingstmontag,DE-NI,true
2027-05-17,Pfingstmontag,DE-NW,true
2027-05-17,Pfingstmontag,DE-RP,true
2027-05-17,Pfingstmontag,DE-SL,true
2027-05-17,Pfingstmontag,DE-SN,true
2027-05-17,Pfingstmontag,DE-ST,true
2027-05-17,Pfingstmontag,DE-SH,true
2027-05-17,Pfingstmontag,DE-TH,true
2027-10-03,Tag der Deutschen Einheit,DE-BW,true
2027-10-03,Tag der Deutschen Einheit,DE-BY,true
2027-10-03,Tag der Deutschen Einheit,DE-BE,true
2027-10-03,Tag der Deutschen Einheit,DE-BB,true
2027-10-03,Tag der Deutschen Einheit,DE-HB,true
2027-10-03,Tag der Deutschen Einheit,DE-HH,true
2027-10-03,Tag der Deutschen Einheit,DE-HE,true
2027-10-03,Tag der Deutschen Einheit,DE-MV,true
2027-10-03,Tag der Deutschen Einheit,DE-NI,true
2027-10-03,Tag der Deutschen Einheit,DE-NW,true
2027-10-03,Tag der Deutschen Einheit,DE-RP,true
2027-10-03,Tag der Deutschen Einheit,DE-SL,true
2027-10-03,Tag der Deutschen Einheit,DE-SN,true
2027-10-03,Tag der Deutschen Einheit,DE-ST,true
2027-10-03,Tag der Deutschen Einheit,DE-SH,true
2027-10-03,Tag der Deutschen Einheit,DE-TH,true
2027-12-25,1. Weihnachtsfeiertag,DE-BW,true
2027-12-25,1. Weihnachtsfeiertag,DE-BY,true
2027-12-25,1. Weihnachtsfeiertag,DE-BE,true
2027-12-25,1. Weihnachtsfeiertag,DE-BB,true
2027-12-25,1. Weihnachtsfeiertag,DE-HB,true
2027-12-25,1. Weihnachtsfeiertag,DE-HH,true
2027-12-25,1. Weihnachtsfeiertag,DE-HE,true
2027-12-25,1. Weihnachtsfeiertag,DE-MV,true
2027-12-25,1. Weihnachtsfeiertag,DE-NI,true
2027-12-25,1. Weihnachtsfeiertag,DE-NW,true
2027-12-25,1. Weihnachtsfeiertag,DE-RP,true
2027-12-25,1. Weihnachtsfeiertag,DE-SL,true
2027-12-25,1. Weihnachtsfeiertag,DE-SN,true
2027-12-25,1. Weihnachtsfeiertag,DE-ST,true
2027-12-25,1. Weihnachtsfeiertag,DE-SH,true
2027-12-25,1. Weihnachtsfeiertag,DE-TH,true
2027-12-26,2. Weihnachtsfeiertag,DE-BW,true
2027-12-26,2. Weihnachtsfeiertag,DE-BY,true
2027-12-26,2. Weihnachtsfeiertag,DE-BE,true
2027-12-26,2. Weihnachtsfeiertag,DE-BB,true
2027-12-26,2. Weihnachtsfeiertag,DE-HB,true
2027-12-26,2. Weihnachtsfeiertag,DE-HH,true
2027-12-26,2. Weihnachtsfeiertag,DE-HE,true
2027-12-26,2. Weihnachtsfeiertag,DE-MV,true
2027-12-26,2. Weihnachtsfeiertag,DE-NI,true
2027-12-26,2. Weihnachtsfeiertag,DE-NW,true
2027-12-26,2. Weihnachtsfeiertag,DE-RP,true
2027-12-26,2. Weihnachtsfeiertag,DE-SL,true
2027-12-26,2. Weihnachtsfeiertag,DE-SN,true
2027-12-26,2. Weihnachtsfeiertag,DE-ST,true
2027-12-26,2. Weihnachtsfeiertag,DE-SH,true
2027-12-26,2. Weihnachtsfeiertag,DE-TH,true
2027-01-06,Heilige Drei Könige,DE-BW,false
2027-01-06,Heilige Drei Könige,DE-BY,false
2027-01-06,Heilige Drei Könige,DE-ST,false
2027-05-27,Fronleichnam,DE-BW,false
2027-05-27,Fronleichnam,DE-BY,false
2027-05-27,Fronleichnam,DE-HE,false
2027-05-27,Fronleichnam,DE-NW,false
2027-05-27,Fronleichnam,DE-RP,false
2027-05-27,Fronleichnam,DE-SL,false
2027-08-15,Mariä Himmelfahrt,DE-BY,false
2027-08-15,Mariä Himmelfahrt,DE-SL,false
2027-09-20,Weltkindertag,DE-TH,false
2027-10-31,Reformationstag,DE-BB,false
2027-10-31,Reformationstag,DE-HB,false
2027-10-31,Reformationstag,DE-HH,false
2027-10-31,Reformationstag,DE-MV,false
2027-10-31,Reformationstag,DE-NI,false
2027-10-31,Reformationstag,DE-SN,false
2027-10-31,Reformationstag,DE-ST,false
2027-10-31,Reformationstag,DE-SH,false
2027-10-31,Reformationstag,DE-TH,false
2027-11-01,Allerheiligen,DE-BW,false
2027-11-01,Allerheiligen,DE-BY,false
2027-11-01,Allerheiligen,DE-NW,false
2027-11-01,Allerheiligen,DE-RP,false
2027-11-01,Allerheiligen,DE-SL,false
2027-11-17,Buß- und Bettag,DE-SN,false
2027-03-08,Internationaler Frauentag,DE-BE,false
2027-03-08,Internationaler Frauentag,DE-MV,false
2028-01-01,Neujahr,DE-BW,true
2028-01-01,Neujahr,DE-BY,true
2028-01-01,Neujahr,DE-BE,true
2028-01-01,Neujahr,DE-BB,true
2028-01-01,Neujahr,DE-HB,true
2028-01-01,Neujahr,DE-HH,true
2028-01-01,Neujahr,DE-HE,true
2028-01-01,Neujahr,DE-MV,true
2028-01-01,Neujahr,DE-NI,true
2028-01-01,Neujahr,DE-NW,true
2028-01-01,Neujahr,DE-RP,true
2028-01-01,Neujahr,DE-SL,true
2028-01-01,Neujahr,DE-SN,true
2028-01-01,Neujahr,DE-ST,true
2028-01-01,Neujahr,DE-SH,true
2028-01-01,Neujahr,DE-TH,true
2028-04-14,Karfreitag,DE-BW,true
2028-04-14,Karfreitag,DE-BY,true
2028-04-14,Karfreitag,DE-BE,true
2028-04-14,Karfreitag,DE-BB,true
2028-04-14,Karfreitag,DE-HB,true
2028-04-14,Karfreitag,DE-HH,true
2028-04-14,Karfreitag,DE-HE,true
2028-04-14,Karfreitag,DE-MV,true
2028-04-14,Karfreitag,DE-NI,true
2028-04-14,Karfreitag,DE-NW,true
2028-04-14,Karfreitag,DE-RP,true
2028-04-14,Karfreitag,DE-SL,true
2028-04-14,Karfreitag,DE-SN,true
2028-04-14,Karfreitag,DE-ST,true
2028-04-14,Karfreitag,DE-SH,true
2028-04-14,Karfreitag,DE-TH,true
2028-04-17,Ostermontag,DE-BW,true
2028-04-17,Ostermontag,DE-BY,true
2028-04-17,Ostermontag,DE-BE,true
2028-04-17,Ostermontag,DE-BB,true
2028-04-17,Ostermontag,DE-HB,true
2028-04-17,Ostermontag,DE-HH,true
2028-04-17,Ostermontag,DE-HE,true
2028-04-17,Ostermontag,DE-MV,true
2028-04-17,Ostermontag,DE-NI,true
2028-04-17,Ostermontag,DE-NW,true
2028-04-17,Ostermontag,DE-RP,true
2028-04-17,Ostermontag,DE-SL,true
2028-04-17,Ostermontag,DE-SN,true
2028-04-17,Ostermontag,DE-ST,true
2028-04-17,Ostermontag,DE-SH,true
2028-04-17,Ostermontag,DE-TH,true
2028-05-01,Tag der Arbeit,DE-BW,true
2028-05-01,Tag der Arbeit,DE-BY,true
2028-05-01,Tag der Arbeit,DE-BE,true
2028-05-01,Tag der Arbeit,DE-BB,true
2028-05-01,Tag der Arbeit,DE-HB,true
2028-05-01,Tag der Arbeit,DE-HH,true
2028-05-01,Tag der Arbeit,DE-HE,true
2028-05-01,Tag der Arbeit,DE-MV,true
2028-05-01,Tag der Arbeit,DE-NI,true
2028-05-01,Tag der Arbeit,DE-NW,true
2028-05-01,Tag der Arbeit,DE-RP,true
2028-05-01,Tag der Arbeit,DE-SL,true
2028-05-01,Tag der Arbeit,DE-SN,true
2028-05-01,Tag der Arbeit,DE-ST,true
2028-05-01,Tag der Arbeit,DE-SH,true
2028-05-01,Tag der Arbeit,DE-TH,true
2028-05-25,Christi Himmelfahrt,DE-BW,true
2028-05-25,Christi Himmelfahrt,DE-BY,true
2028-05-25,Christi Himmelfahrt,DE-BE,true
2028-05-25,Christi Himmelfahrt,DE-BB,true
2028-05-25,Christi Himmelfahrt,DE-HB,true
2028-05-25,Christi Himmelfahrt,DE-HH,true
2028-05-25,Christi Himmelfahrt,DE-HE,true
2028-05-25,Christi Himmelfahrt,DE-MV,true
2028-05-25,Christi Himmelfahrt,DE-NI,true
2028-05-25,Christi Himmelfahrt,DE-NW,true
2028-05-25,Christi Himmelfahrt,DE-RP,true
2028-05-25,Christi Himmelfahrt,DE-SL,true
2028-05-25,Christi Himmelfahrt,DE-SN,true
2028-05-25,Christi Himmelfahrt,DE-ST,true
2028-05-25,Christi Himmelfahrt,DE-SH,true
2028-05-25,Christi Himmelfahrt,DE-TH,true
2028-06-05,Pfingstmontag,DE-BW,true
2028-06-05,Pfingstmontag,DE-BY,true
2028-06-05,Pfingstmontag,DE-BE,true
2028-06-05,Pfingstmontag,DE-BB,true
2028-06-05,Pfingstmontag,DE-HB,true
2028-06-05,Pfingstmontag,DE-HH,true
2028-06-05,Pfingstmontag,DE-HE,true
2028-06-05,Pfingstmontag,DE-MV,true
2028-06-05,Pfingstmontag,DE-NI,true
2028-06-05,Pfingstmontag,DE-NW,true
2028-06-05,Pfingstmontag,DE-RP,true
2028-06-05,Pfingstmontag,DE-SL,true
2028-06-05,Pfingstmontag,DE-SN,true
2028-06-05,Pfingstmontag,DE-ST,true
2028-06-05,Pfingstmontag,DE-SH,true
2028-06-05,Pfingstmontag,DE-TH,true
2028-10-03,Tag der Deutschen Einheit,DE-BW,true
2028-10-03,Tag der Deutschen Einheit,DE-BY,true
2028-10-03,Tag der Deutschen Einheit,DE-BE,true
2028-10-03,Tag der Deutschen Einheit,DE-BB,true
2028-10-03,Tag der Deutschen Einheit,DE-HB,true
2028-10-03,Tag der Deutschen Einheit,DE-HH,true
2028-10-03,Tag der Deutschen Einheit,DE-HE,true
2028-10-03,Tag der Deutschen Einheit,DE-MV,true
2028-10-03,Tag der Deutschen Einheit,DE-NI,true
2028-10-03,Tag der Deutschen Einheit,DE-NW,true
2028-10-03,Tag der Deutschen Einheit,DE-RP,true
2028-10-03,Tag der Deutschen Einheit,DE-SL,true
2028-10-03,Tag der Deutschen Einheit,DE-SN,true
2028-10-03,Tag der Deutschen Einheit,DE-ST,true
2028-10-03,Tag der Deutschen Einheit,DE-SH,true
2028-10-03,Tag der Deutschen Einheit,DE-TH,true
2028-12-25,1. Weihnachtsfeiertag,DE-BW,true
2028-12-25,1. Weihnachtsfeiertag,DE-BY,true
2028-12-25,1. Weihnachtsfeiertag,DE-BE,true
2028-12-25,1. Weihnachtsfeiertag,DE-BB,true
2028-12-25,1. Weihnachtsfeiertag,DE-HB,true
2028-12-25,1. Weihnachtsfeiertag,DE-HH,true
2028-12-25,1. Weihnachtsfeiertag,DE-HE,true
2028-12-25,1. Weihnachtsfeiertag,DE-MV,true
2028-12-25,1. Weihnachtsfeiertag,DE-NI,true
2028-12-25,1. Weihnachtsfeiertag,DE-NW,true
2028-12-25,1. Weihnachtsfeiertag,DE-RP,true
2028-12-25,1. Weihnachtsfeiertag,DE-SL,true
2028-12-25,1. Weihnachtsfeiertag,DE-SN,true
2028-12-25,1. Weihnachtsfeiertag,DE-ST,true
2028-12-25,1. Weihnachtsfeiertag,DE-SH,true
2028-12-25,1. Weihnachtsfeiertag,DE-TH,true
2028-12-26,2. Weihnachtsfeiertag,DE-BW,true
2028-12-26,2. Weihnachtsfeiertag,DE-BY,true
2028-12-26,2. Weihnachtsfeiertag,DE-BE,true
2028-12-26,2. Weihnachtsfeiertag,DE-BB,true
2028-12-26,2. Weihnachtsfeiertag,DE-HB,true
2028-12-26,2. Weihnachtsfeiertag,DE-HH,true
2028-12-26,2. Weihnachtsfeiertag,DE-HE,true
2028-12-26,2. Weihnachtsfeiertag,DE-MV,true
2028-12-26,2. Weihnachtsfeiertag,DE-NI,true
2028-12-26,2. Weihnachtsfeiertag,DE-NW,true
2028-12-26,2. Weihnachtsfeiertag,DE-RP,true
2028-12-26,2. Weihnachtsfeiertag,DE-SL,true
2028-12-26,2. Weihnachtsfeiertag,DE-SN,true
2028-12-26,2. Weihnachtsfeiertag,DE-ST,true
2028-12-26,2. Weihnachtsfeiertag,DE-SH,true
2028-12-26,2. Weihnachtsfeiertag,DE-TH,true
2028-01-06,Heilige Drei Könige,DE-BW,false
2028-01-06,Heilige Drei Könige,DE-BY,false
2028-01-06,Heilige Drei Könige,DE-ST,false
2028-06-15,Fronleichnam,DE-BW,false
2028-06-15,Fronleichnam,DE-BY,false
2028-06-15,Fronleichnam,DE-HE,false
2028-06-15,Fronleichnam,DE-NW,false
2028-06-15,Fronleichnam,DE-RP,false
2028-06-15,Fronleichnam,DE-SL,false
2028-08-15,Mariä Himmelfahrt,DE-BY,false
2028-08-15,Mariä Himmelfahrt,DE-SL,false
2028-09-20,Weltkindertag,DE-TH,false
2028-10-31,Reformationstag,DE-BB,false
2028-10-31,Reformationstag,DE-HB,false
2028-10-31,Reformationstag,DE-HH,false
2028-10-31,Reformationstag,DE-MV,false
2028-10-31,Reformationstag,DE-NI,false
2028-10-31,Reformationstag,DE-SN,false
2028-10-31,Reformationstag,DE-ST,false
2028-10-31,Reformationstag,DE-SH,false
2028-10-31,Reformationstag,DE-TH,false
2028-11-01,Allerheiligen,DE-BW,false
2028-11-01,Allerheiligen,DE-BY,false
2028-11-01,Allerheiligen,DE-NW,false
2028-11-01,Allerheiligen,DE-RP,false
2028-11-01,Allerheiligen,DE-SL,false
2028-11-22,Buß- und Bettag,DE-SN,false
2028-03-08,Internationaler Frauentag,DE-BE,false
2028-03-08,Internationaler Frauentag,DE-MV,false
2029-01-01,Neujahr,DE-BW,true
2029-01-01,Neujahr,DE-BY,true
2029-01-01,Neujahr,DE-BE,true
2029-01-01,Neujahr,DE-BB,true
2029-01-01,Neujahr,DE-HB,true
2029-01-01,Neujahr,DE-HH,true
2029-01-01,Neujahr,DE-HE,true
2029-01-01,Neujahr,DE-MV,true
2029-01-01,Neujahr,DE-NI,true
2029-01-01,Neujahr,DE-NW,true
2029-01-01,Neujahr,DE-RP,true
2029-01-01,Neujahr,DE-SL,true
2029-01-01,Neujahr,DE-SN,true
2029-01-01,Neujahr,DE-ST,true
2029-01-01,Neujahr,DE-SH,true
2029-01-01,Neujahr,DE-TH,true
2029-03-30,Karfreitag,DE-BW,true
2029-03-30,Karfreitag,DE-BY,true
2029-03-30,Karfreitag,DE-BE,true
2029-03-30,Karfreitag,DE-BB,true
2029-03-30,Karfreitag,DE-HB,true
2029-03-30,Karfreitag,DE-HH,true
2029-03-30,Karfreitag,DE-HE,true
2029-03-30,Karfreitag,DE-MV,true
2029-03-30,Karfreitag,DE-NI,true
2029-03-30,Karfreitag,DE-NW,true
2029-03-30,Karfreitag,DE-RP,true
2029-03-30,Karfreitag,DE-SL,true
2029-03-30,Karfreitag,DE-SN,true
2029-03-30,Karfreitag,DE-ST,true
2029-03-30,Karfreitag,DE-SH,true
2029-03-30,Karfreitag,DE-TH,true
2029-04-02,Ostermontag,DE-BW,true
2029-04-02,Ostermontag,DE-BY,true
2029-04-02,Ostermontag,DE-BE,true
2029-04-02,Ostermontag,DE-BB,true
2029-04-02,Ostermontag,DE-HB,true
2029-04-02,Ostermontag,DE-HH,true
2029-04-02,Ostermontag,DE-HE,true
2029-04-02,Ostermontag,DE-MV,true
2029-04-02,Ostermontag,DE-NI,true
2029-04-02,Ostermontag,DE-NW,true
2029-04-02,Ostermontag,DE-RP,true
2029-04-02,Ostermontag,DE-SL,true
2029-04-02,Ostermontag,DE-SN,true
2029-04-02,Ostermontag,DE-ST,true
2029-04-02,Ostermontag,DE-SH,true
2029-04-02,Ostermontag,DE-TH,true
2029-05-01,Tag der Arbeit,DE-BW,true
2029-05-01,Tag der Arbeit,DE-BY,true
2029-05-01,Tag der Arbeit,DE-BE,true
2029-05-01,Tag der Arbeit,DE-BB,true
2029-05-01,Tag der Arbeit,DE-HB,true
2029-05-01,Tag der Arbeit,DE-HH,true
2029-05-01,Tag der Arbeit,DE-HE,true
2029-05-01,Tag der Arbeit,DE-MV,true
2029-05-01,Tag der Arbeit,DE-NI,true
2029-05-01,Tag der Arbeit,DE-NW,true
2029-05-01,Tag der Arbeit,DE-RP,true
2029-05-01,Tag der Arbeit,DE-SL,true
2029-05-01,Tag der Arbeit,DE-SN,true
2029-05-01,Tag der Arbeit,DE-ST,true
2029-05-01,Tag der Arbeit,DE-SH,true
2029-05-01,Tag der Arbeit,DE-TH,true
2029-05-10,Christi Himmelfahrt,DE-BW,true
2029-05-10,Christi Himmelfahrt,DE-BY,true
2029-05-10,Christi Himmelfahrt,DE-BE,true
2029-05-10,Christi Himmelfahrt,DE-BB,true
2029-05-10,Christi Himmelfahrt,DE-HB,true
2029-05-10,Christi Himmelfahrt,DE-HH,true
2029-05-10,Christi Himmelfahrt,DE-HE,true
2029-05-10,Christi Himmelfahrt,DE-MV,true
2029-05-10,Christi Himmelfahrt,DE-NI,true
2029-05-10,Christi Himmelfahrt,DE-NW,true
2029-05-10,Christi Himmelfahrt,DE-RP,true
2029-05-10,Christi Himmelfahrt,DE-SL,true
2029-05-10,Christi Himmelfahrt,DE-SN,true
2029-05-10,Christi Himmelfahrt,DE-ST,true
2029-05-10,Christi Himmelfahrt,DE-SH,true
2029-05-10,Christi Himmelfahrt,DE-TH,true
2029-05-21,Pfingstmontag,DE-BW,true
2029-05-21,Pfingstmontag,DE-BY,true
2029-05-21,Pfingstmontag,DE-BE,true
2029-05-21,Pfingstmontag,DE-BB,true
2029-05-21,Pfingstmontag,DE-HB,true
2029-05-21,Pfingstmontag,DE-HH,true
2029-05-21,Pfingstmontag,DE-HE,true
2029-05-21,Pfingstmontag,DE-MV,true
2029-05-21,Pfingstmontag,DE-NI,true
2029-05-21,Pfingstmontag,DE-NW,true
2029-05-21,Pfingstmontag,DE-RP,true
2029-05-21,Pfingstmontag,DE-SL,true
2029-05-21,Pfingstmontag,DE-SN,true
2029-05-21,Pfingstmontag,DE-ST,true
2029-05-21,Pfingstmontag,DE-SH,true
2029-05-21,Pfingstmontag,DE-TH,true
2029-10-03,Tag der Deutschen Einheit,DE-BW,true
2029-10-03,Tag der Deutschen Einheit,DE-BY,true
2029-10-03,Tag der Deutschen Einheit,DE-BE,true
2029-10-03,Tag der Deutschen Einheit,DE-BB,true
2029-10-03,Tag der Deutschen Einheit,DE-HB,true
2029-10-03,Tag der Deutschen Einheit,DE-HH,true
2029-10-03,Tag der Deutschen Einheit,DE-HE,true
2029-10-03,Tag der Deutschen Einheit,DE-MV,true
2029-10-03,Tag der Deutschen Einheit,DE-NI,true
2029-10-03,Tag der Deutschen Einheit,DE-NW,true
2029-10-03,Tag der Deutschen Einheit,DE-RP,true
2029-10-03,Tag der Deutschen Einheit,DE-SL,true
2029-10-03,Tag der Deutschen Einheit,DE-SN,true
2029-10-03,Tag der Deutschen Einheit,DE-ST,true
2029-10-03,Tag der Deutschen Einheit,DE-SH,true
2029-10-03,Tag der Deutschen Einheit,DE-TH,true
2029-12-25,1. Weihnachtsfeiertag,DE-BW,true
2029-12-25,1. Weihnachtsfeiertag,DE-BY,true
2029-12-25,1. Weihnachtsfeiertag,DE-BE,true
2029-12-25,1. Weihnachtsfeiertag,DE-BB,true
2029-12-25,1. Weihnachtsfeiertag,DE-HB,true
2029-12-25,1. Weihnachtsfeiertag,DE-HH,true
2029-12-25,1. Weihnachtsfeiertag,DE-HE,true
2029-12-25,1. Weihnachtsfeiertag,DE-MV,true
2029-12-25,1. Weihnachtsfeiertag,DE-NI,true
2029-12-25,1. Weihnachtsfeiertag,DE-NW,true
2029-12-25,1. Weihnachtsfeiertag,DE-RP,true
2029-12-25,1. Weihnachtsfeiertag,DE-SL,true
2029-12-25,1. Weihnachtsfeiertag,DE-SN,true
2029-12-25,1. Weihnachtsfeiertag,DE-ST,true
2029-12-25,1. Weihnachtsfeiertag,DE-SH,true
2029-12-25,1. Weihnachtsfeiertag,DE-TH,true
2029-12-26,2. Weihnachtsfeiertag,DE-BW,true
2029-12-26,2. Weihnachtsfeiertag,DE-BY,true
2029-12-26,2. Weihnachtsfeiertag,DE-BE,true
2029-12-26,2. Weihnachtsfeiertag,DE-BB,true
2029-12-26,2. Weihnachtsfeiertag,DE-HB,true
2029-12-26,2. Weihnachtsfeiertag,DE-HH,true
2029-12-26,2. Weihnachtsfeiertag,DE-HE,true
2029-12-26,2. Weihnachtsfeiertag,DE-MV,true
2029-12-26,2. Weihnachtsfeiertag,DE-NI,true
2029-12-26,2. Weihnachtsfeiertag,DE-NW,true
2029-12-26,2. Weihnachtsfeiertag,DE-RP,true
2029-12-26,2. Weihnachtsfeiertag,DE-SL,true
2029-12-26,2. Weihnachtsfeiertag,DE-SN,true
2029-12-26,2. Weihnachtsfeiertag,DE-ST,true
2029-12-26,2. Weihnachtsfeiertag,DE-SH,true
2029-12-26,2. Weihnachtsfeiertag,DE-TH,true
2029-01-06,Heilige Drei Könige,DE-BW,false
2029-01-06,Heilige Drei Könige,DE-BY,false
2029-01-06,Heilige Drei Könige,DE-ST,false
2029-05-31,Fronleichnam,DE-BW,false
2029-05-31,Fronleichnam,DE-BY,false
2029-05-31,Fronleichnam,DE-HE,false
2029-05-31,Fronleichnam,DE-NW,false
2029-05-31,Fronleichnam,DE-RP,false
2029-05-31,Fronleichnam,DE-SL,false
2029-08-15,Mariä Himmelfahrt,DE-BY,false
2029-08-15,Mariä Himmelfahrt,DE-SL,false
2029-09-20,Weltkindertag,DE-TH,false
2029-10-31,Reformationstag,DE-BB,false
2029-10-31,Reformationstag,DE-HB,false
2029-10-31,Reformationstag,DE-HH,false
2029-10-31,Reformationstag,DE-MV,false
2029-10-31,Reformationstag,DE-NI,false
2029-10-31,Reformationstag,DE-SN,false
2029-10-31,Reformationstag,DE-ST,false
2029-10-31,Reformationstag,DE-SH,false
2029-10-31,Reformationstag,DE-TH,false
2029-11-01,Allerheiligen,DE-BW,false
2029-11-01,Allerheiligen,DE-BY,false
2029-11-01,Allerheiligen,DE-NW,false
2029-11-01,Allerheiligen,DE-RP,false
2029-11-01,Allerheiligen,DE-SL,false
2029-11-21,Buß- und Bettag,DE-SN,false
2029-03-08,Internationaler Frauentag,DE-BE,false
2029-03-08,Internationaler Frauentag,DE-MV,false
2030-01-01,Neujahr,DE-BW,true
2030-01-01,Neujahr,DE-BY,true
2030-01-01,Neujahr,DE-BE,true
2030-01-01,Neujahr,DE-BB,true
2030-01-01,Neujahr,DE-HB,true
2030-01-01,Neujahr,DE-HH,true
2030-01-01,Neujahr,DE-HE,true
2030-01-01,Neujahr,DE-MV,true
2030-01-01,Neujahr,DE-NI,true
2030-01-01,Neujahr,DE-NW,true
2030-01-01,Neujahr,DE-RP,true
2030-01-01,Neujahr,DE-SL,true
2030-01-01,Neujahr,DE-SN,true
2030-01-01,Neujahr,DE-ST,true
2030-01-01,Neujahr,DE-SH,true
2030-01-01,Neujahr,DE-TH,true
2030-04-19,Karfreitag,DE-BW,true
2030-04-19,Karfreitag,DE-BY,true
2030-04-19,Karfreitag,DE-BE,true
2030-04-19,Karfreitag,DE-BB,true
2030-04-19,Karfreitag,DE-HB,true
2030-04-19,Karfreitag,DE-HH,true
2030-04-19,Karfreitag,DE-HE,true
2030-04-19,Karfreitag,DE-MV,true
2030-04-19,Karfreitag,DE-NI,true
2030-04-19,Karfreitag,DE-NW,true
2030-04-19,Karfreitag,DE-RP,true
2030-04-19,Karfreitag,DE-SL,true
2030-04-19,Karfreitag,DE-SN,true
2030-04-19,Karfreitag,DE-ST,true
2030-04-19,Karfreitag,DE-SH,true
2030-04-19,Karfreitag,DE-TH,true
2030-04-22,Ostermontag,DE-BW,true
2030-04-22,Ostermontag,DE-BY,true
2030-04-22,Ostermontag,DE-BE,true
2030-04-22,Ostermontag,DE-BB,true
2030-04-22,Ostermontag,DE-HB,true
2030-04-22,Ostermontag,DE-HH,true
2030-04-22,Ostermontag,DE-HE,true
2030-04-22,Ostermontag,DE-MV,true
2030-04-22,Ostermontag,DE-NI,true
2030-04-22,Ostermontag,DE-NW,true
2030-04-22,Ostermontag,DE-RP,true
2030-04-22,Ostermontag,DE-SL,true
2030-04-22,Ostermontag,DE-SN,true
2030-04-22,Ostermontag,DE-ST,true
2030-04-22,Ostermontag,DE-SH,true
2030-04-22,Ostermontag,DE-TH,true
2030-05-01,Tag der Arbeit,DE-BW,true
2030-05-01,Tag der Arbeit,DE-BY,true
2030-05-01,Tag der Arbeit,DE-BE,true
2030-05-01,Tag der Arbeit,DE-BB,true
2030-05-01,Tag der Arbeit,DE-HB,true
2030-05-01,Tag der Arbeit,DE-HH,true
2030-05-01,Tag der Arbeit,DE-HE,true
2030-05-01,Tag der Arbeit,DE-MV,true
2030-05-01,Tag der Arbeit,DE-NI,true
2030-05-01,Tag der Arbeit,DE-NW,true
2030-05-01,Tag der Arbeit,DE-RP,true
2030-05-01,Tag der Arbeit,DE-SL,true
2030-05-01,Tag der Arbeit,DE-SN,true
2030-05-01,Tag der Arbeit,DE-ST,true
2030-05-01,Tag der Arbeit,DE-SH,true
2030-05-01,Tag der Arbeit,DE-TH,true
2030-05-30,Christi Himmelfahrt,DE-BW,true
2030-05-30,Christi Himmelfahrt,DE-BY,true
2030-05-30,Christi Himmelfahrt,DE-BE,true
2030-05-30,Christi Himmelfahrt,DE-BB,true
2030-05-30,Christi Himmelfahrt,DE-HB,true
2030-05-30,Christi Himmelfahrt,DE-HH,true
2030-05-30,Christi Himmelfahrt,DE-HE,true
2030-05-30,Christi Himmelfahrt,DE-MV,true
2030-05-30,Christi Himmelfahrt,DE-NI,true
2030-05-30,Christi Himmelfahrt,DE-NW,true
2030-05-30,Christi Himmelfahrt,DE-RP,true
2030-05-30,Christi Himmelfahrt,DE-SL,true
2030-05-30,Christi Himmelfahrt,DE-SN,true
2030-05-30,Christi Himmelfahrt,DE-ST,true
2030-05-30,Christi Himmelfahrt,DE-SH,true
2030-05-30,Christi Himmelfahrt,DE-TH,true
2030-06-10,Pfingstmontag,DE-BW,true
2030-06-10,Pfingstmontag,DE-BY,true
2030-06-10,Pfingstmontag,DE-BE,true
2030-06-10,Pfingstmontag,DE-BB,true
2030-06-10,Pfingstmontag,DE-HB,true
2030-06-10,Pfingstmontag,DE-HH,true
2030-06-10,Pfingstmontag,DE-HE,true
2030-06-10,Pfingstmontag,DE-MV,true
2030-06-10,Pfingstmontag,DE-NI,true
2030-06-10,Pfingstmontag,DE-NW,true
2030-06-10,Pfingstmontag,DE-RP,true
2030-06-10,Pfingstmontag,DE-SL,true
2030-06-10,Pfingstmontag,DE-SN,true
2030-06-10,Pfingstmontag,DE-ST,true
2030-06-10,Pfingstmontag,DE-SH,true
2030-06-10,Pfingstmontag,DE-TH,true
2030-10-03,Tag der Deutschen Einheit,DE-BW,true
2030-10-03,Tag der Deutschen Einheit,DE-BY,true
2030-10-03,Tag der Deutschen Einheit,DE-BE,true
2030-10-03,Tag der Deutschen Einheit,DE-BB,true
2030-10-03,Tag der Deutschen Einheit,DE-HB,true
2030-10-03,Tag der Deutschen Einheit,DE-HH,true
2030-10-03,Tag der Deutschen Einheit,DE-HE,true
2030-10-03,Tag der Deutschen Einheit,DE-MV,true
2030-10-03,Tag der Deutschen Einheit,DE-NI,true
2030-10-03,Tag der Deutschen Einheit,DE-NW,true
2030-10-03,Tag der Deutschen Einheit,DE-RP,true
2030-10-03,Tag der Deutschen Einheit,DE-SL,true
2030-10-03,Tag der Deutschen Einheit,DE-SN,true
2030-10-03,Tag der Deutschen Einheit,DE-ST,true
2030-10-03,Tag der Deutschen Einheit,DE-SH,true
2030-10-03,Tag der Deutschen Einheit,DE-TH,true
2030-12-25,1. Weihnachtsfeiertag,DE-BW,true
2030-12-25,1. Weihnachtsfeiertag,DE-BY,true
2030-12-25,1. Weihnachtsfeiertag,DE-BE,true
2030-12-25,1. Weihnachtsfeiertag,DE-BB,true
2030-12-25,1. Weihnachtsfeiertag,DE-HB,true
2030-12-25,1. Weihnachtsfeiertag,DE-HH,true
2030-12-25,1. Weihnachtsfeiertag,DE-HE,true
2030-12-25,1. Weihnachtsfeiertag,DE-MV,true
2030-12-25,1. Weihnachtsfeiertag,DE-NI,true
2030-12-25,1. Weihnachtsfeiertag,DE-NW,true
2030-12-25,1. Weihnachtsfeiertag,DE-RP,true
2030-12-25,1. Weihnachtsfeiertag,DE-SL,true
2030-12-25,1. Weihnachtsfeiertag,DE-SN,true
2030-12-25,1. Weihnachtsfeiertag,DE-ST,true
2030-12-25,1. Weihnachtsfeiertag,DE-SH,true
2030-12-25,1. Weihnachtsfeiertag,DE-TH,true
2030-12-26,2. Weihnachtsfeiertag,DE-BW,true
2030-12-26,2. Weihnachtsfeiertag,DE-BY,true
2030-12-26,2. Weihnachtsfeiertag,DE-BE,true
2030-12-26,2. Weihnachtsfeiertag,DE-BB,true
2030-12-26,2. Weihnachtsfeiertag,DE-HB,true
2030-12-26,2. Weihnachtsfeiertag,DE-HH,true
2030-12-26,2. Weihnachtsfeiertag,DE-HE,true
2030-12-26,2. Weihnachtsfeiertag,DE-MV,true
2030-12-26,2. Weihnachtsfeiertag,DE-NI,true
2030-12-26,2. Weihnachtsfeiertag,DE-NW,true
2030-12-26,2. Weihnachtsfeiertag,DE-RP,true
2030-12-26,2. Weihnachtsfeiertag,DE-SL,true
2030-12-26,2. Weihnachtsfeiertag,DE-SN,true
2030-12-26,2. Weihnachtsfeiertag,DE-ST,true
2030-12-26,2. Weihnachtsfeiertag,DE-SH,true
2030-12-26,2. Weihnachtsfeiertag,DE-TH,true
2030-01-06,Heilige Drei Könige,DE-BW,false
2030-01-06,Heilige Drei Könige,DE-BY,false
2030-01-06,Heilige Drei Könige,DE-ST,false
2030-06-20,Fronleichnam,DE-BW,false
2030-06-20,Fronleichnam,DE-BY,false
2030-06-20,Fronleichnam,DE-HE,false
2030-06-20,Fronleichnam,DE-NW,false
2030-06-20,Fronleichnam,DE-RP,false
2030-06-20,Fronleichnam,DE-SL,false
2030-08-15,Mariä Himmelfahrt,DE-BY,false
2030-08-15,Mariä Himmelfahrt,DE-SL,false
2030-09-20,Weltkindertag,DE-TH,false
2030-10-31,Reformationstag,DE-BB,false
2030-10-31,Reformationstag,DE-HB,false
2030-10-31,Reformationstag,DE-HH,false
2030-10-31,Reformationstag,DE-MV,false
2030-10-31,Reformationstag,DE-NI,false
2030-10-31,Reformationstag,DE-SN,false
2030-10-31,Reformationstag,DE-ST,false
2030-10-31,Reformationstag,DE-SH,false
2030-10-31,Reformationstag,DE-TH,false
2030-11-01,Allerheiligen,DE-BW,false
2030-11-01,Allerheiligen,DE-BY,false
2030-11-01,Allerheiligen,DE-NW,false
2030-11-01,Allerheiligen,DE-RP,false
2030-11-01,Allerheiligen,DE-SL,false
2030-11-20,Buß- und Bettag,DE-SN,false
2030-03-08,Internationaler Frauentag,DE-BE,false
2030-03-08,Internationaler Frauentag,DE-MV,false
2031-01-01,Neujahr,DE-BW,true
2031-01-01,Neujahr,DE-BY,true
2031-01-01,Neujahr,DE-BE,true
2031-01-01,Neujahr,DE-BB,true
2031-01-01,Neujahr,DE-HB,true
2031-01-01,Neujahr,DE-HH,true
2031-01-01,Neujahr,DE-HE,true
2031-01-01,Neujahr,DE-MV,true
2031-01-01,Neujahr,DE-NI,true
2031-01-01,Neujahr,DE-NW,true
2031-01-01,Neujahr,DE-RP,true
2031-01-01,Neujahr,DE-SL,true
2031-01-01,Neujahr,DE-SN,true
2031-01-01,Neujahr,DE-ST,true
2031-01-01,Neujahr,DE-SH,true
2031-01-01,Neujahr,DE-TH,true
2031-04-11,Karfreitag,DE-BW,true
2031-04-11,Karfreitag,DE-BY,true
2031-04-11,Karfreitag,DE-BE,true
2031-04-11,Karfreitag,DE-BB,true
2031-04-11,Karfreitag,DE-HB,true
2031-04-11,Karfreitag,DE-HH,true
2031-04-11,Karfreitag,DE-HE,true
2031-04-11,Karfreitag,DE-MV,true
2031-04-11,Karfreitag,DE-NI,true
2031-04-11,Karfreitag,DE-NW,true
2031-04-11,Karfreitag,DE-RP,true
2031-04-11,Karfreitag,DE-SL,true
2031-04-11,Karfreitag,DE-SN,true
2031-04-11,Karfreitag,DE-ST,true
2031-04-11,Karfreitag,DE-SH,true
2031-04-11,Karfreitag,DE-TH,true
2031-04-14,Ostermontag,DE-BW,true
2031-04-14,Ostermontag,DE-BY,true
2031-04-14,Ostermontag,DE-BE,true
2031-04-14,Ostermontag,DE-BB,true
2031-04-14,Ostermontag,DE-HB,true
2031-04-14,Ostermontag,DE-HH,true
2031-04-14,Ostermontag,DE-HE,true
2031-04-14,Ostermontag,DE-MV,true
2031-04-14,Ostermontag,DE-NI,true
2031-04-14,Ostermontag,DE-NW,true
2031-04-14,Ostermontag,DE-RP,true
2031-04-14,Ostermontag,DE-SL,true
2031-04-14,Ostermontag,DE-SN,true
2031-04-14,Ostermontag,DE-ST,true
2031-04-14,Ostermontag,DE-SH,true
2031-04-14,Ostermontag,DE-TH,true
2031-05-01,Tag der Arbeit,DE-BW,true
2031-05-01,Tag der Arbeit,DE-BY,true
2031-05-01,Tag der Arbeit,DE-BE,true
2031-05-01,Tag der Arbeit,DE-BB,true
2031-05-01,Tag der Arbeit,DE-HB,true
2031-05-01,Tag der Arbeit,DE-HH,true
2031-05-01,Tag der Arbeit,DE-HE,true
2031-05-01,Tag der Arbeit,DE-MV,true
2031-05-01,Tag der Arbeit,DE-NI,true
2031-05-01,Tag der Arbeit,DE-NW,true
2031-05-01,Tag der Arbeit,DE-RP,true
2031-05-01,Tag der Arbeit,DE-SL,true
2031-05-01,Tag der Arbeit,DE-SN,true
2031-05-01,Tag der Arbeit,DE-ST,true
2031-05-01,Tag der Arbeit,DE-SH,true
2031-05-01,Tag der Arbeit,DE-TH,true
2031-05-22,Christi Himmelfahrt,DE-BW,true
2031-05-22,Christi Himmelfahrt,DE-BY,true
2031-05-22,Christi Himmelfahrt,DE-BE,true
2031-05-22,Christi Himmelfahrt,DE-BB,true
2031-05-22,Christi Himmelfahrt,DE-HB,true
2031-05-22,Christi Himmelfahrt,DE-HH,true
2031-05-22,Christi Himmelfahrt,DE-HE,true
2031-05-22,Christi Himmelfahrt,DE-MV,true
2031-05-22,Christi Himmelfahrt,DE-NI,true
2031-05-22,Christi Himmelfahrt,DE-NW,true
2031-05-22,Christi Himmelfahrt,DE-RP,true
2031-05-22,Christi Himmelfahrt,DE-SL,true
2031-05-22,Christi Himmelfahrt,DE-SN,true
2031-05-22,Christi Himmelfahrt,DE-ST,true
2031-05-22,Christi Himmelfahrt,DE-SH,true
2031-05-22,Christi Himmelfahrt,DE-TH,true
2031-06-02,Pfingstmontag,DE-BW,true
2031-06-02,Pfingstmontag,DE-BY,true
2031-06-02,Pfingstmontag,DE-BE,true
2031-06-02,Pfingstmontag,DE-BB,true
2031-06-02,Pfingstmontag,DE-HB,true
2031-06-02,Pfingstmontag,DE-HH,true
2031-06-02,Pfingstmontag,DE-HE,true
2031-06-02,Pfingstmontag,DE-MV,true
2031-06-02,Pfingstmontag,DE-NI,true
2031-06-02,Pfingstmontag,DE-NW,true
2031-06-02,Pfingstmontag,DE-RP,true
2031-06-02,Pfingstmontag,DE-SL,true
2031-06-02,Pfingstmontag,DE-SN,true
2031-06-02,Pfingstmontag,DE-ST,true
2031-06-02,Pfingstmontag,DE-SH,true
2031-06-02,Pfingstmontag,DE-TH,true
2031-10-03,Tag der Deutschen Einheit,DE-BW,true
2031-10-03,Tag der Deutschen Einheit,DE-BY,true
2031-10-03,Tag der Deutschen Einheit,DE-BE,true
2031-10-03,Tag der Deutschen Einheit,DE-BB,true
2031-10-03,Tag der Deutschen Einheit,DE-HB,true
2031-10-03,Tag der Deutschen Einheit,DE-HH,true
2031-10-03,Tag der Deutschen Einheit,DE-HE,true
2031-10-03,Tag der Deutschen Einheit,DE-MV,true
2031-10-03,Tag der Deutschen Einheit,DE-NI,true
2031-10-03,Tag der Deutschen Einheit,DE-NW,true
2031-10-03,Tag der Deutschen Einheit,DE-RP,true
2031-10-03,Tag der Deutschen Einheit,DE-SL,true
2031-10-03,Tag der Deutschen Einheit,DE-SN,true
2031-10-03,Tag der Deutschen Einheit,DE-ST,true
2031-10-03,Tag der Deutschen Einheit,DE-SH,true
2031-10-03,Tag der Deutschen Einheit,DE-TH,true
2031-12-25,1. Weihnachtsfeiertag,DE-BW,true
2031-12-25,1. Weihnachtsfeiertag,DE-BY,true
2031-12-25,1. Weihnachtsfeiertag,DE-BE,true
2031-12-25,1. Weihnachtsfeiertag,DE-BB,true
2031-12-25,1. Weihnachtsfeiertag,DE-HB,true
2031-12-25,1. Weihnachtsfeiertag,DE-HH,true
2031-12-25,1. Weihnachtsfeiertag,DE-HE,true
2031-12-25,1. Weihnachtsfeiertag,DE-MV,true
2031-12-25,1. Weihnachtsfeiertag,DE-NI,true
2031-12-25,1. Weihnachtsfeiertag,DE-NW,true
2031-12-25,1. Weihnachtsfeiertag,DE-RP,true
2031-12-25,1. Weihnachtsfeiertag,DE-SL,true
2031-12-25,1. Weihnachtsfeiertag,DE-SN,true
2031-12-25,1. Weihnachtsfeiertag,DE-ST,true
2031-12-25,1. Weihnachtsfeiertag,DE-SH,true
2031-12-25,1. Weihnachtsfeiertag,DE-TH,true
2031-12-26,2. Weihnachtsfeiertag,DE-BW,true
2031-12-26,2. Weihnachtsfeiertag,DE-BY,true
2031-12-26,2. Weihnachtsfeiertag,DE-BE,true
2031-12-26,2. Weihnachtsfeiertag,DE-BB,true
2031-12-26,2. Weihnachtsfeiertag,DE-HB,true
2031-12-26,2. Weihnachtsfeiertag,DE-HH,true
2031-12-26,2. Weihnachtsfeiertag,DE-HE,true
2031-12-26,2. Weihnachtsfeiertag,DE-MV,true
2031-12-26,2. Weihnachtsfeiertag,DE-NI,true
2031-12-26,2. Weihnachtsfeiertag,DE-NW,true
2031-12-26,2. Weihnachtsfeiertag,DE-RP,true
2031-12-26,2. Weihnachtsfeiertag,DE-SL,true
2031-12-26,2. Weihnachtsfeiertag,DE-SN,true
2031-12-26,2. Weihnachtsfeiertag,DE-ST,true
2031-12-26,2. Weihnachtsfeiertag,DE-SH,true
2031-12-26,2. Weihnachtsfeiertag,DE-TH,true
2031-01-06,Heilige Drei Könige,DE-BW,false
2031-01-06,Heilige Drei Könige,DE-BY,false
2031-01-06,Heilige Drei Könige,DE-ST,false
2031-06-12,Fronleichnam,DE-BW,false
2031-06-12,Fronleichnam,DE-BY,false
2031-06-12,Fronleichnam,DE-HE,false
2031-06-12,Fronleichnam,DE-NW,false
2031-06-12,Fronleichnam,DE-RP,false
2031-06-12,Fronleichnam,DE-SL,false
2031-08-15,Mariä Himmelfahrt,DE-BY,false
2031-08-15,Mariä Himmelfahrt,DE-SL,false
2031-09-20,Weltkindertag,DE-TH,false
2031-10-31,Reformationstag,DE-BB,false
2031-10-31,Reformationstag,DE-HB,false
2031-10-31,Reformationstag,DE-HH,false
2031-10-31,Reformationstag,DE-MV,false
2031-10-31,Reformationstag,DE-NI,false
2031-10-31,Reformationstag,DE-SN,false
2031-10-31,Reformationstag,DE-ST,false
2031-10-31,Reformationstag,DE-SH,false
2031-10-31,Reformationstag,DE-TH,false
2031-11-01,Allerheiligen,DE-BW,false
2031-11-01,Allerheiligen,DE-BY,false
2031-11-01,Allerheiligen,DE-NW,false
2031-11-01,Allerheiligen,DE-RP,false
2031-11-01,Allerheiligen,DE-SL,false
2031-11-19,Buß- und Bettag,DE-SN,false
2031-03-08,Internationaler Frauentag,DE-BE,false
2031-03-08,Internationaler Frauentag,DE-MV,false
